Percentile,0.0,25.0,50.0,75.0,100.0,0.0,25.0,50.0,75.0,100.0,0.0,25.0,50.0,75.0,100.0,0.0,25.0,50.0,75.0,100.0
Group,gut,gut,gut,gut,gut,left palm,left palm,left palm,left palm,left palm,right palm,right palm,right palm,right palm,right palm,tongue,tongue,tongue,tongue,tongue
b32621bcd86cb99e846d8f6fee7c9ab8,1517.0,2483.75,2802.5,3138.75,3805.0,1.0,13.0,20.0,27.5,38.0,1.0,1.0,17.0,73.0,546.0,1.0,1.0,1.0,1.0,16.0
99647b51f775c8ddde8ed36a7d60dbcd,1.0,1.0,1.0,1.0,6.0,137.0,281.25,486.5,689.0,1113.0,4.0,59.0,101.0,533.0,2331.0,136.0,162.0,257.0,262.0,606.0
d599ebe277afb0dfd4ad3c2176afc50e,1.0,1.0,1.0,1.0,6.0,1.0,49.75,79.0,153.75,1449.0,1.0,1.0,16.0,243.0,493.0,1.0,1.0,1.0,1594.0,3849.0
51121722488d0c3da1388d1b117cd239,1.0,1.0,2.5,4.75,7.0,1.0,34.0,56.0,108.25,2294.0,1.0,1.0,27.0,144.0,581.0,316.0,483.0,666.0,766.0,1624.0
1016319c25196d73bdb3096d86a9df2f,336.0,822.5,1101.5,1384.25,2084.0,1.0,1.0,1.0,2.5,20.0,1.0,1.0,1.0,1.0,340.0,1.0,1.0,1.0,1.0,12.0
a16679d5a10caa9753f171977552d920,1.0,1.0,1.0,1.0,12.0,17.0,167.5,197.0,526.0,609.0,1.0,66.0,130.0,811.0,2376.0,1.0,1.0,1.0,1.0,1.0
2bf1067d2cd4f09671e3ebe5500205ca,359.0,571.0,835.5,1164.0,1584.0,1.0,1.0,1.0,1.0,1.0,1.0,1.0,1.0,1.0,185.0,1.0,1.0,1.0,1.0,7.0
2d3df7387323e2edcbbfcb6e56a02710,1.0,1.0,1.0,1.0,1.0,1.0,30.0,80.5,237.75,2460.0,1.0,1.0,29.0,217.0,1058.0,1.0,1.0,1.0,1.0,1.0
80e2a0cdbbf0ae81a93b6ba374faeb14,1.0,1.0,1.0,1.0,4.0,1.0,1.0,8.0,40.5,792.0,1.0,1.0,3.0,37.0,83.0,46.0,182.0,218.0,626.0,1020.0
f18a9c8112372e2916a66a9778f3741b,1.0,1.0,1.0,1.0,1.0,1.0,1.0,1.0,15.25,325.0,1.0,1.0,1.0,13.0,75.0,92.0,194.0,200.0,499.0,1070.0
4629fbb5dde5f8ee07c2259d2887a8d4,1.0,1.0,1.0,1.0,1.0,17.0,18.5,24.5,53.75,1017.0,1.0,1.0,11.0,24.0,126.0,7.0,25.0,68.0,341.0,645.0
a7f92909575fd948fad074b72093771e,1.0,1.0,1.0,1.0,1.0,1.0,19.0,37.0,111.75,709.0,1.0,1.0,19.0,100.0,138.0,57.0,76.0,125.0,210.0,480.0
16aef15e85aa57ddfb99e12bd437a14b,1.0,3.25,28.0,291.0,1875.0,1.0,1.0,1.0,1.0,1.0,1.0,1.0,1.0,1.0,181.0,1.0,1.0,1.0,1.0,1.0
81e2324bb4636a8eddb3dcc3456091c9,165.0,247.75,268.5,389.25,672.0,1.0,1.0,1.0,1.0,1.0,1.0,1.0,1.0,1.0,126.0,1.0,1.0,1.0,1.0,6.0
a7acc2abb505c3ee177a12e514d3b994,1.0,1.0,1.0,1.0,1.0,1.0,27.25,47.5,133.75,1399.0,1.0,1.0,63.0,218.0,313.0,1.0,1.0,1.0,1.0,1.0
b65fd5cf8ad66cd0c4d425ec210fa2e5,1.0,1.0,1.0,3.0,6.0,1.0,29.5,73.0,142.25,505.0,1.0,1.0,65.0,93.0,731.0,1.0,1.0,1.0,1.0,465.0
d5c640a3bf0085858f6f9e1c640a17b6,117.0,161.75,311.5,343.75,739.0,1.0,1.0,10.0,19.25,25.0,1.0,1.0,1.0,1.0,59.0,1.0,1.0,1.0,1.0,1.0
84d0affc7243c7d6261f3a7d680b873f,1.0,1.0,1.0,1.0,1.0,1.0,1.0,1.0,6.75,274.0,1.0,1.0,1.0,1.0,1.0,1.0,1.0,94.0,515.0,577.0
5179f5cac20c1aa00377e4942bd7f837,98.0,153.5,180.5,355.0,633.0,1.0,1.0,1.0,1.75,9.0,1.0,1.0,1.0,1.0,89.0,1.0,1.0,1.0,1.0,1.0
8139c4ac825dae48454fb4800fb87896,1.0,1.0,1.0,1.0,1.0,1.0,34.0,84.0,216.75,455.0,1.0,1.0,67.0,105.0,442.0,1.0,1.0,1.0,1.0,1.0
5833416522de0cca717a1abf720079ac,1.0,1.0,206.5,460.75,668.0,1.0,1.0,1.0,1.0,1.0,1.0,1.0,1.0,1.0,91.0,1.0,1.0,1.0,1.0,11.0
e770b18ff141c9339068443982508f7c,1.0,10.0,156.0,575.75,647.0,1.0,1.0,1.0,1.0,1.0,1.0,1.0,1.0,1.0,1.0,1.0,1.0,1.0,1.0,1.0
e772858b8c79efc10065bc1937f37d89,1.0,45.25,213.5,403.25,703.0,1.0,1.0,1.0,1.0,1.0,1.0,1.0,1.0,1.0,1.0,1.0,1.0,1.0,1.0,1.0
41f67443ce8207be0c0a956c47823417,1.0,1.0,1.0,1.0,1.0,1.0,1.0,1.0,17.25,250.0,1.0,1.0,1.0,48.0,126.0,55.0,108.0,172.0,222.0,232.0
362be41f31fd26be95ae43a8769b91c0,108.0,178.75,205.5,310.75,394.0,1.0,1.0,1.0,1.0,1.0,1.0,1.0,1.0,1.0,35.0,1.0,1.0,1.0,1.0,1.0
f6eb8537456dde7792eff60c8d1e797c,1.0,1.0,1.0,1.0,1.0,1.0,22.75,44.5,78.25,111.0,1.0,1.0,24.0,58.0,527.0,1.0,1.0,1.0,1.0,266.0
e60e325f10839a53264d636e2298becc,1.0,1.0,5.0,9.25,34.0,1.0,25.0,33.5,82.0,192.0,1.0,1.0,15.0,75.0,270.0,1.0,49.0,61.0,115.0,140.0
2893972f7b9d40e4f71411eebae76ed9,1.0,1.0,1.0,1.0,1.0,1.0,1.0,1.0,1.0,50.0,1.0,1.0,1.0,1.0,1573.0,1.0,1.0,1.0,1.0,1.0
39c4199fe81f30a5b4b0fd5bf2f43c03,1.0,1.0,1.0,1.0,5.0,1.0,1.0,1.0,42.0,263.0,1.0,1.0,1.0,37.0,165.0,44.0,48.0,56.0,192.0,230.0
3f6752aabcc291b67a063fb6492fd107,1.0,1.0,1.0,1.0,7.0,1.0,1.0,5.0,29.5,1096.0,1.0,1.0,1.0,1.0,378.0,1.0,1.0,1.0,1.0,1.0
1f584fb69acdb03627306d7e7b278af6,1.0,1.0,121.5,263.25,489.0,1.0,1.0,1.0,1.0,1.0,1.0,1.0,1.0,1.0,1.0,1.0,1.0,1.0,1.0,1.0
d2a8811affdca18fbfc7aa973a4d8ca1,1.0,1.0,1.0,1.0,9.0,1.0,1.0,1.0,1.0,77.0,1.0,1.0,1.0,1.0,1.0,1.0,57.0,104.0,149.0,327.0
b36ed4cdf7c0f387ac70951a11bddd29,1.0,1.0,1.0,1.0,1.0,1.0,1.0,8.5,37.0,130.0,1.0,1.0,19.0,83.0,107.0,42.0,48.0,56.0,68.0,229.0
27855451d704f0e78a81e5f951cf28b1,1.0,1.0,1.0,1.0,36.0,1.0,1.0,1.0,48.75,506.0,1.0,1.0,1.0,1.0,379.0,1.0,1.0,1.0,1.0,115.0
4e22aa3508b98813f52e1a12ffdb74ad,1.0,1.0,1.0,1.0,1.0,1.0,1.0,1.0,13.0,724.0,1.0,1.0,1.0,47.0,275.0,1.0,1.0,1.0,1.0,1.0
a5402824916049e6a0510dfb58147869,1.0,1.0,1.0,1.0,13.0,16.0,24.5,44.0,57.0,92.0,1.0,1.0,19.0,120.0,474.0,1.0,1.0,1.0,1.0,1.0
0afabc98ba5f06d77586c65dd984e126,1.0,1.0,1.0,1.0,1.0,1.0,25.75,36.0,64.75,115.0,1.0,1.0,1.0,66.0,211.0,16.0,26.0,28.0,34.0,55.0
a67613d18109ca8bda841018545cb1d7,1.0,1.0,1.0,1.0,1.0,1.0,1.0,5.5,11.5,111.0,1.0,1.0,1.0,7.0,28.0,7.0,20.0,59.0,80.0,544.0
ef9ecba707ad092c6ac7bef17d0db268,1.0,1.0,1.0,1.0,1.0,1.0,27.25,41.5,71.75,125.0,1.0,1.0,24.0,49.0,484.0,1.0,1.0,1.0,1.0,1.0
661193b56e1231050ec078a317e076a3,1.0,1.0,1.0,1.0,1.0,1.0,1.0,1.0,127.25,349.0,1.0,1.0,1.0,81.0,136.0,1.0,1.0,1.0,1.0,1.0
63aa2386a172bfacfe644fad139c104c,1.0,1.0,1.0,1.0,1.0,1.0,1.0,1.0,75.25,88.0,1.0,1.0,1.0,137.0,414.0,1.0,1.0,1.0,1.0,1.0
6e6ba3f1d999799f0ba2687bbb293ab2,1.0,1.0,1.0,1.0,1.0,1.0,1.0,1.0,1.0,1.0,1.0,1.0,1.0,6.0,40.0,1.0,1.0,1.0,23.0,880.0
857b4205ec3f91149633495d70354521,1.0,1.0,1.0,1.0,1.0,1.0,34.0,44.5,106.25,139.0,1.0,11.0,26.0,41.0,212.0,1.0,1.0,1.0,1.0,1.0
aa9dfb40c4830edc6e2118b1e6980b22,1.0,1.0,69.0,216.5,288.0,1.0,1.0,1.0,1.0,1.0,1.0,1.0,1.0,1.0,35.0,1.0,1.0,1.0,1.0,1.0
e312a2b60d73d62145c4980e7f8d01b9,1.0,27.25,89.5,180.0,270.0,1.0,1.0,1.0,1.0,1.0,1.0,1.0,1.0,1.0,51.0,1.0,1.0,1.0,1.0,1.0
25a8404c3809391205ea2ea29c50dbb7,1.0,1.0,1.0,200.25,457.0,1.0,1.0,1.0,1.0,1.0,1.0,1.0,1.0,1.0,1.0,1.0,1.0,1.0,1.0,1.0
e3ed7d00c8d0300eb6ae57c458de95b7,1.0,1.0,1.0,1.0,1.0,1.0,1.0,1.0,9.75,168.0,1.0,1.0,1.0,1.0,50.0,1.0,1.0,33.0,161.0,233.0
6630fb0bce391a5ec1dc67ee0b618f6e,1.0,1.0,1.0,1.0,1.0,1.0,1.0,52.0,121.0,148.0,1.0,1.0,1.0,1.0,283.0,1.0,1.0,1.0,1.0,36.0
385d596077ffe9ba4dcf4718d48df5a0,1.0,1.0,1.0,1.0,1.0,1.0,1.0,32.0,78.0,159.0,1.0,1.0,13.0,124.0,156.0,1.0,1.0,1.0,1.0,1.0
a55083d6821b6fdfee4ba2e9f40fc38d,1.0,1.0,34.0,197.75,303.0,1.0,1.0,1.0,1.0,56.0,1.0,1.0,1.0,1.0,1.0,1.0,1.0,1.0,1.0,1.0
2f173101691f8f9521e843a5c1ae40c1,1.0,1.0,1.0,1.0,1.0,1.0,10.0,24.0,51.0,196.0,1.0,1.0,1.0,45.0,292.0,1.0,1.0,1.0,1.0,1.0
ada653edfd3ae85d6d689e24e2546ea6,1.0,1.0,1.0,1.0,3.0,1.0,10.0,40.0,61.75,146.0,1.0,7.0,10.0,18.0,408.0,1.0,1.0,1.0,1.0,1.0
c84509b5d38955838482e9d6a4770bfe,1.0,1.0,1.0,1.0,1.0,1.0,18.0,29.5,39.0,159.0,1.0,12.0,16.0,82.0,184.0,1.0,1.0,1.0,11.0,44.0
8f0ba2d0c4a91f9303ab9e1b48d9f92b,1.0,1.0,1.0,1.0,1.0,1.0,1.0,19.0,29.0,108.0,1.0,1.0,1.0,22.0,119.0,1.0,22.0,40.0,56.0,143.0
9496b3deef3751dada324142e57b8496,1.0,1.0,1.0,1.0,1.0,1.0,1.0,1.0,14.0,160.0,1.0,1.0,1.0,1.0,314.0,1.0,1.0,1.0,1.0,1.0
2437535bb10279fbb5ace6ec2a9ca604,1.0,1.0,1.0,1.0,1.0,1.0,1.0,1.0,1.0,13.0,1.0,1.0,1.0,1.0,722.0,1.0,1.0,1.0,1.0,1.0
c0621c113c3881acaa5a885e8696262b,1.0,1.0,1.0,1.0,1.0,1.0,15.25,32.5,58.5,147.0,1.0,15.0,21.0,67.0,93.0,1.0,1.0,1.0,1.0,1.0
6a42d2b0592b02b980482226e0408ae5,1.0,1.0,1.0,1.0,1.0,1.0,15.0,35.0,57.75,80.0,1.0,1.0,13.0,52.0,167.0,1.0,1.0,1.0,1.0,1.0
115e28c1e70188545e0df9f13829e425,1.0,1.0,1.0,1.0,1.0,1.0,1.0,1.0,1.0,1.0,1.0,1.0,1.0,1.0,1.0,1.0,1.0,22.0,71.0,459.0
feb095235cc35615953f8acf60405888,1.0,1.0,44.5,126.0,266.0,1.0,1.0,1.0,1.0,1.0,1.0,1.0,1.0,1.0,26.0,1.0,1.0,1.0,1.0,1.0
6f37b63fa180896c68c12ff39ea6d992,1.0,1.0,1.0,1.0,1.0,1.0,1.0,14.5,44.5,346.0,1.0,1.0,1.0,37.0,88.0,1.0,1.0,1.0,1.0,1.0
4c77b4a241dbcc5b0a1156a672494d3c,1.0,1.0,1.0,1.0,1.0,1.0,1.0,12.0,31.0,234.0,1.0,1.0,1.0,23.0,200.0,1.0,1.0,1.0,7.0,27.0
a1bef55a97db05fdc081a43465349d20,1.0,1.0,1.0,1.0,1.0,1.0,1.0,1.0,7.0,313.0,1.0,1.0,1.0,1.0,293.0,1.0,1.0,1.0,1.0,1.0
efff83850806ec2d1f98bdc32c9b5032,1.0,1.0,23.0,107.75,263.0,1.0,1.0,1.0,1.0,1.0,1.0,1.0,1.0,1.0,51.0,1.0,1.0,1.0,1.0,1.0
93fd9587a7cacdd261dfa87d1ac03f69,1.0,1.0,1.0,1.0,1.0,1.0,1.0,1.0,14.5,509.0,1.0,1.0,1.0,1.0,82.0,1.0,1.0,1.0,1.0,1.0
6712ed33e2555202fed3b510d0526fb8,1.0,1.0,1.0,1.0,1.0,1.0,1.0,23.0,42.5,64.0,1.0,1.0,1.0,25.0,363.0,1.0,1.0,1.0,1.0,1.0
b7418eacada1319fa8b6baaf6aff06cd,1.0,1.0,22.5,94.5,353.0,1.0,1.0,1.0,1.0,1.0,1.0,1.0,1.0,1.0,25.0,1.0,1.0,1.0,1.0,1.0
f58ef02fd3fe4f8f1c8ba13a3e205697,1.0,1.0,1.0,1.0,1.0,1.0,1.0,13.0,29.25,172.0,1.0,8.0,12.0,28.0,237.0,1.0,1.0,1.0,1.0,1.0
106bd865c1d09faf628b797143471563,17.0,29.0,45.0,87.25,209.0,1.0,1.0,1.0,4.5,19.0,1.0,1.0,1.0,1.0,18.0,1.0,1.0,1.0,1.0,1.0
4dc10ad4afd35b9803d853e819d3cec5,1.0,11.5,28.0,62.5,295.0,1.0,1.0,1.0,1.0,1.0,1.0,1.0,1.0,1.0,1.0,1.0,1.0,1.0,1.0,1.0
455bd447ce50ab401ed011bd899c19d0,1.0,1.0,46.5,114.0,174.0,1.0,1.0,1.0,1.0,1.0,1.0,1.0,1.0,1.0,1.0,1.0,1.0,1.0,1.0,1.0
7251b9f4e6faa33b5861aad135b5ed42,1.0,1.0,1.0,120.0,249.0,1.0,1.0,1.0,1.0,1.0,1.0,1.0,1.0,1.0,1.0,1.0,1.0,1.0,1.0,1.0
9825426be20fbb54b2a7f72ee7d48d21,1.0,1.0,1.0,1.0,1.0,1.0,1.0,1.0,7.5,51.0,1.0,1.0,1.0,1.0,17.0,10.0,16.0,26.0,43.0,128.0
64d5101b2df15e6872678eba97c70018,1.0,21.25,44.5,82.75,163.0,1.0,1.0,1.0,1.0,1.0,1.0,1.0,1.0,1.0,1.0,1.0,1.0,1.0,1.0,1.0
75c1405eb8a41e6e91339d78d3a548a3,1.0,1.0,1.0,1.0,1.0,1.0,1.0,1.0,5.0,107.0,1.0,1.0,1.0,1.0,329.0,1.0,1.0,1.0,1.0,1.0
b50999f171fe6cee3c0493b50bb8926e,1.0,17.25,28.5,70.5,188.0,1.0,1.0,1.0,1.0,1.0,1.0,1.0,1.0,1.0,8.0,1.0,1.0,1.0,1.0,1.0
d3a5dac580af1f9ccc6f516d334454c5,1.0,1.0,1.0,1.0,1.0,1.0,1.0,1.0,5.0,74.0,1.0,1.0,1.0,1.0,13.0,17.0,20.0,26.0,41.0,116.0
6c524c5003c3e02e3796c91d900dfd8a,28.0,31.25,37.0,56.0,100.0,1.0,1.0,1.0,1.0,1.0,1.0,1.0,1.0,1.0,25.0,1.0,1.0,1.0,1.0,1.0
d8a637e4a71b0d41cd326411f9a36b72,1.0,1.0,1.0,1.0,1.0,1.0,1.0,1.0,19.5,77.0,1.0,1.0,1.0,1.0,134.0,1.0,1.0,1.0,1.0,1.0
f540d33e721da6d5f306137ed0fabbfd,1.0,1.0,1.0,1.0,1.0,1.0,1.0,1.0,1.0,267.0,1.0,1.0,1.0,1.0,120.0,1.0,1.0,1.0,1.0,1.0
707f5ba87a63b8071f5b7cad27aa9046,1.0,1.0,1.0,1.0,1.0,1.0,1.0,1.0,36.75,132.0,1.0,1.0,1.0,1.0,84.0,1.0,1.0,1.0,1.0,63.0
14ca6a8129ff8d410ec8b813f368c9f3,1.0,1.0,1.0,1.0,1.0,1.0,1.0,1.0,1.0,52.0,1.0,1.0,1.0,1.0,14.0,1.0,15.0,26.0,52.0,82.0
f0b5463f03e2a4eeb02af06f6e9abbfb,1.0,1.0,1.0,1.0,1.0,1.0,1.0,6.0,20.5,194.0,1.0,1.0,1.0,20.0,71.0,1.0,1.0,1.0,1.0,1.0
4a75fcf52d0e531670c5db3dc7bbdebe,1.0,1.0,1.0,37.5,223.0,1.0,1.0,1.0,1.0,1.0,1.0,1.0,1.0,1.0,1.0,1.0,1.0,1.0,1.0,1.0
a241130e3329aa2290a241a4c7f1198a,29.0,36.0,41.5,49.25,59.0,1.0,1.0,1.0,1.0,1.0,1.0,1.0,1.0,1.0,20.0,1.0,1.0,1.0,1.0,1.0
0ad47af54774c67f2286f426a018cf73,1.0,1.0,1.0,1.0,1.0,1.0,1.0,16.5,29.25,59.0,1.0,1.0,14.0,33.0,95.0,1.0,1.0,1.0,1.0,1.0
6d921a67aa7c3f9aa782195fc00201ea,1.0,1.0,1.0,1.0,1.0,1.0,1.0,28.5,40.25,59.0,1.0,1.0,1.0,1.0,128.0,1.0,1.0,1.0,1.0,1.0
6d6db3b34de7c95e0164bc3ce3a432f8,1.0,1.0,1.0,1.0,1.0,1.0,1.0,6.0,20.25,185.0,1.0,1.0,1.0,24.0,39.0,1.0,1.0,1.0,1.0,1.0
13f5aba07d66b4d4f6a20ccd480a3836,1.0,1.0,1.0,1.0,1.0,1.0,1.0,1.0,1.0,52.0,1.0,1.0,1.0,1.0,1.0,1.0,1.0,1.0,40.0,153.0
62b37b01d06eb149095ba9ccdc7af2b8,1.0,1.0,1.0,67.75,183.0,1.0,1.0,1.0,1.0,1.0,1.0,1.0,1.0,1.0,1.0,1.0,1.0,1.0,1.0,1.0
9eec995d1b7de24deb146bf87c62e8ef,1.0,1.0,1.0,1.0,1.0,1.0,1.0,5.5,25.0,37.0,1.0,1.0,1.0,12.0,118.0,1.0,1.0,1.0,1.0,13.0
cdd363405ed482776e9de1e5245448b1,1.0,1.0,1.0,1.0,1.0,1.0,1.0,1.0,1.0,191.0,1.0,1.0,1.0,1.0,132.0,1.0,1.0,1.0,1.0,6.0
b4522fd8fd73185efa97ac64b2cc7e25,1.0,1.0,19.5,64.0,125.0,1.0,1.0,1.0,1.0,1.0,1.0,1.0,1.0,1.0,28.0,1.0,1.0,1.0,1.0,1.0
5b9cc5f3383146b1bdc91664611ad490,1.0,1.0,1.0,1.0,1.0,1.0,1.0,1.0,4.0,47.0,1.0,1.0,1.0,1.0,21.0,1.0,1.0,8.0,60.0,105.0
cc183650cb3dcbac360cc172c5d703b3,1.0,1.0,1.0,1.0,1.0,1.0,1.0,1.0,44.25,124.0,1.0,1.0,1.0,17.0,40.0,1.0,1.0,1.0,1.0,1.0
a2fde235d88b046063c654d204a7a4c6,1.0,25.0,40.5,49.75,80.0,1.0,1.0,1.0,1.0,1.0,1.0,1.0,1.0,1.0,1.0,1.0,1.0,1.0,1.0,1.0
0cf0a8fd1e0718ac71fcaeed38556c78,1.0,1.0,27.0,75.75,90.0,1.0,1.0,1.0,1.0,1.0,1.0,1.0,1.0,1.0,1.0,1.0,1.0,1.0,1.0,1.0
98b8fb4e2dc98e89e2063eb5ad56978d,1.0,1.0,1.0,1.0,1.0,1.0,1.0,7.5,24.0,44.0,1.0,1.0,1.0,1.0,78.0,1.0,1.0,1.0,21.0,35.0
c8dfcd75c410c2c0b794df887ec0a34e,1.0,1.0,1.0,1.0,1.0,1.0,1.0,1.0,33.25,60.0,1.0,1.0,14.0,22.0,60.0,1.0,1.0,1.0,1.0,1.0
d061426ac84016b183e18c6e2885fd29,1.0,1.0,1.0,1.0,1.0,1.0,1.0,1.0,6.75,129.0,1.0,1.0,1.0,1.0,104.0,1.0,1.0,1.0,1.0,26.0
25eceffa4cd0ea265e2402c1674292ad,1.0,1.0,1.0,1.0,1.0,1.0,1.0,1.0,1.0,19.0,1.0,1.0,1.0,1.0,248.0,1.0,1.0,1.0,1.0,1.0
652b994f73d84df28e05cca4bd945b80,1.0,1.0,24.0,67.75,93.0,1.0,1.0,1.0,1.0,1.0,1.0,1.0,1.0,1.0,1.0,1.0,1.0,1.0,1.0,1.0
a9b4a380d3b76755de55410a3b856df4,1.0,1.0,1.0,1.0,1.0,1.0,1.0,9.0,21.25,38.0,1.0,1.0,1.0,19.0,84.0,1.0,1.0,1.0,1.0,13.0
9049e702d18015c0f3159c054521811b,1.0,1.0,1.0,1.0,1.0,1.0,1.0,1.0,5.0,93.0,1.0,1.0,1.0,1.0,144.0,1.0,1.0,1.0,1.0,23.0
f93264ea82f3fe38761ffea075832af6,1.0,1.0,1.0,1.0,1.0,1.0,1.0,1.0,1.0,145.0,1.0,1.0,1.0,23.0,63.0,1.0,1.0,1.0,1.0,1.0
9995ee984e1b3e33f924d54b5af218d5,1.0,1.0,1.0,34.25,136.0,1.0,1.0,1.0,1.0,1.0,1.0,1.0,1.0,1.0,1.0,1.0,1.0,1.0,1.0,1.0
6a727fb5deb644a626c6d8db1b910264,1.0,1.0,1.0,1.0,1.0,1.0,11.5,26.0,33.25,46.0,1.0,1.0,1.0,11.0,68.0,1.0,1.0,1.0,1.0,1.0
03962dcc12fa27ce05bb5ec0cbc845e1,1.0,1.0,1.0,10.5,40.0,1.0,1.0,3.5,10.0,13.0,1.0,1.0,1.0,25.0,91.0,1.0,1.0,1.0,1.0,1.0
b65cf6043dce1f7e59f53c217fb260f8,1.0,1.0,1.0,1.0,1.0,1.0,1.0,1.0,27.5,59.0,1.0,1.0,1.0,26.0,67.0,1.0,1.0,1.0,1.0,1.0
0f4e6fb8fe44475eb5fe7b8c23cd302c,1.0,1.0,1.0,1.0,1.0,1.0,7.0,13.0,16.25,20.0,1.0,1.0,1.0,21.0,93.0,1.0,1.0,1.0,1.0,1.0
1275c8657f3502d2f3d7b0d9ec7e1c78,1.0,1.0,1.0,1.0,1.0,1.0,1.0,1.0,1.0,76.0,1.0,1.0,1.0,1.0,115.0,1.0,1.0,1.0,1.0,1.0
9a214b109e40bba73119d98bc589137d,1.0,1.0,1.0,18.5,171.0,1.0,1.0,1.0,1.0,1.0,1.0,1.0,1.0,1.0,43.0,1.0,1.0,1.0,1.0,1.0
c192427b4464e1e6518e606baebdfcc4,1.0,1.0,1.0,1.0,1.0,1.0,1.0,1.0,1.0,1.0,1.0,1.0,1.0,1.0,1.0,1.0,1.0,11.0,16.0,188.0
28d5c3a57b69062e0533659a8581e8d2,1.0,1.0,1.0,1.0,1.0,1.0,1.0,1.0,17.75,54.0,1.0,1.0,1.0,19.0,66.0,1.0,1.0,1.0,1.0,1.0
bd125a76504879bb9c7e39a1cfd9e8f0,1.0,18.25,32.5,41.5,54.0,1.0,1.0,1.0,1.0,1.0,1.0,1.0,1.0,1.0,17.0,1.0,1.0,1.0,1.0,1.0
2b5b215370643f29a4fa44cd92f98406,1.0,1.0,1.0,1.0,1.0,1.0,1.0,1.0,1.0,237.0,1.0,1.0,1.0,1.0,1.0,1.0,1.0,1.0,1.0,1.0
33cad932d631b8b687b7a4ab47256f50,1.0,1.0,1.0,1.0,1.0,1.0,1.0,1.0,27.75,38.0,1.0,1.0,1.0,16.0,68.0,1.0,1.0,1.0,1.0,1.0
9d07a6ff18a64d9e41e70bb17e9e02c7,1.0,7.0,27.0,46.25,78.0,1.0,1.0,1.0,1.0,1.0,1.0,1.0,1.0,1.0,1.0,1.0,1.0,1.0,1.0,1.0
ee5f9957059a8fc136180296abe68410,1.0,1.0,1.0,1.0,1.0,1.0,1.0,3.5,11.25,128.0,1.0,1.0,1.0,10.0,39.0,1.0,1.0,1.0,1.0,1.0
20d7d74d652dc2e8350a546230369d87,1.0,1.0,1.0,1.0,1.0,1.0,1.0,1.0,10.25,88.0,1.0,1.0,1.0,1.0,98.0,1.0,1.0,1.0,1.0,1.0
b60e945effc23b9d2fcbf954e742f225,1.0,10.75,24.0,38.5,65.0,1.0,1.0,1.0,1.0,1.0,1.0,1.0,1.0,1.0,13.0,1.0,1.0,1.0,1.0,1.0
6f47312c16018daf100523ef19e3c2e3,1.0,1.0,1.0,1.0,1.0,1.0,1.0,1.0,1.0,16.0,1.0,1.0,1.0,1.0,1.0,1.0,1.0,7.0,15.0,150.0
a4cb5567db12409c1d56ecc1a068716b,1.0,1.0,27.0,47.5,66.0,1.0,1.0,1.0,1.0,1.0,1.0,1.0,1.0,1.0,4.0,1.0,1.0,1.0,1.0,1.0
94c74d1568cac65bbf7207e318eae5e3,1.0,1.0,1.0,1.0,1.0,1.0,1.0,1.0,33.5,62.0,1.0,1.0,14.0,16.0,22.0,1.0,1.0,1.0,1.0,1.0
43448df049aca67bf9844aa6e8a9f381,1.0,1.0,1.0,1.0,1.0,1.0,1.0,1.0,1.0,215.0,1.0,1.0,1.0,1.0,1.0,1.0,1.0,1.0,1.0,1.0
33e1ac220f41546ecd814774ab05f65e,1.0,1.0,1.0,51.75,105.0,1.0,1.0,1.0,1.0,1.0,1.0,1.0,1.0,1.0,1.0,1.0,1.0,1.0,1.0,1.0
05dda23dde6461051c9301e32d1bd5ea,1.0,1.0,1.0,1.0,1.0,1.0,1.0,1.0,9.75,110.0,1.0,1.0,1.0,1.0,70.0,1.0,1.0,1.0,1.0,1.0
a978026c6c33bccb8dd70bd2ddbf48bf,1.0,1.0,1.0,1.0,1.0,1.0,1.0,1.0,13.5,50.0,1.0,1.0,1.0,9.0,101.0,1.0,1.0,1.0,1.0,7.0
db6086608389f922cfd2e33a3a6826f5,1.0,1.0,1.0,1.0,1.0,1.0,1.0,8.5,18.25,27.0,1.0,1.0,1.0,17.0,43.0,1.0,1.0,3.0,8.0,15.0
353b00e164d7ee0aefd33c34d12562d9,1.0,1.0,1.0,1.0,1.0,1.0,1.0,1.0,7.25,137.0,1.0,1.0,1.0,12.0,16.0,1.0,1.0,1.0,1.0,1.0
0f9e8f424f928fd6c31b88cae7baf895,1.0,1.0,10.5,40.5,81.0,1.0,1.0,1.0,1.0,1.0,1.0,1.0,1.0,1.0,1.0,1.0,1.0,1.0,1.0,1.0
a6b32fa9c8812a4f830754858d9f156f,1.0,1.0,1.0,1.0,1.0,1.0,1.0,1.0,3.25,141.0,1.0,1.0,1.0,1.0,28.0,1.0,1.0,1.0,1.0,1.0
08facab685fd719caf7534ebc296e3de,1.0,1.0,1.0,1.0,1.0,1.0,1.0,1.0,24.0,42.0,1.0,1.0,1.0,1.0,53.0,1.0,1.0,1.0,1.0,1.0
020f0a617a39434d9befc5f845a062ca,1.0,1.0,1.0,1.0,1.0,1.0,1.0,1.0,14.0,26.0,1.0,1.0,1.0,14.0,101.0,1.0,1.0,1.0,1.0,1.0
4333f97aaba82904f5975cf89c540fa3,1.0,1.0,1.0,1.0,1.0,1.0,1.0,1.0,1.0,104.0,1.0,1.0,1.0,1.0,62.0,1.0,1.0,1.0,1.0,24.0
49b638959c85d9c19a3e1c109e5b7a7e,1.0,1.0,1.0,1.0,1.0,1.0,4.0,9.0,25.25,38.0,1.0,1.0,1.0,6.0,47.0,1.0,1.0,1.0,1.0,1.0
2ba193f406409a38522a50cd8acde93f,1.0,1.0,1.0,1.0,1.0,1.0,1.0,1.0,2.0,102.0,1.0,1.0,1.0,1.0,57.0,1.0,1.0,1.0,1.0,1.0
f66355d9bb172e233ce23a1a71c824fc,1.0,1.0,1.0,1.0,1.0,1.0,1.0,1.0,17.75,68.0,1.0,1.0,1.0,1.0,45.0,1.0,1.0,1.0,1.0,1.0
15869fbb559d7a31992e2034442b5099,1.0,1.0,1.0,1.0,1.0,1.0,1.0,1.0,27.75,37.0,1.0,1.0,1.0,8.0,55.0,1.0,1.0,1.0,1.0,1.0
546f2c0a74a88e6f1f37a2366edb0060,1.0,1.0,1.0,1.0,1.0,1.0,1.0,16.5,27.25,56.0,1.0,1.0,1.0,11.0,21.0,1.0,1.0,1.0,1.0,1.0
5a7b1b9e2a54e153cd274e59b198fd0b,1.0,1.0,1.0,1.0,1.0,1.0,1.0,1.0,1.0,30.0,1.0,1.0,1.0,1.0,1.0,1.0,12.0,16.0,22.0,50.0
f770439b7fe512e54524cd8258919221,1.0,1.0,1.0,1.0,1.0,1.0,1.0,1.0,9.5,88.0,1.0,1.0,1.0,11.0,42.0,1.0,1.0,1.0,1.0,1.0
8a48bf9639e05c7114dcafbe69a2a87d,1.0,1.0,1.0,1.0,1.0,1.0,1.0,1.0,3.75,80.0,1.0,1.0,1.0,1.0,71.0,1.0,1.0,1.0,1.0,9.0
3192ed8ef0fbbeb4b598cd5c5afcc823,1.0,1.0,1.0,1.0,1.0,1.0,1.0,5.5,17.75,29.0,1.0,1.0,1.0,1.0,60.0,1.0,1.0,1.0,1.0,6.0
9b40ea06cb2c2f75122976fb2a675732,1.0,1.0,1.0,1.0,1.0,1.0,1.0,1.0,1.0,67.0,1.0,1.0,1.0,10.0,79.0,1.0,1.0,1.0,1.0,1.0
18dd309a2b535cd5aaae0dcb57fcc4de,1.0,1.0,1.0,41.0,74.0,1.0,1.0,1.0,1.0,1.0,1.0,1.0,1.0,1.0,6.0,1.0,1.0,1.0,1.0,1.0
1f57d8cd0aba981aa992ebb823fd0b90,1.0,1.0,1.0,1.0,1.0,1.0,1.0,1.0,1.0,57.0,1.0,1.0,1.0,1.0,104.0,1.0,1.0,1.0,1.0,1.0
fc95c5f3462141b2eb751d59bd47710a,1.0,1.0,1.0,31.5,81.0,1.0,1.0,1.0,1.0,1.0,1.0,1.0,1.0,1.0,1.0,1.0,1.0,1.0,1.0,1.0
0223dac37ae7d499a1c11fecc17cbb5b,1.0,1.0,1.0,1.0,1.0,1.0,1.0,8.5,26.0,30.0,1.0,1.0,1.0,1.0,38.0,1.0,1.0,1.0,1.0,1.0
1c8e4345e379083be44a9fc59bb13632,1.0,1.0,1.0,1.0,1.0,1.0,1.0,1.0,1.0,16.0,1.0,1.0,1.0,1.0,8.0,1.0,7.0,10.0,12.0,75.0
0fe6ce7e4cf81ce80df2be1ddb2d551b,1.0,1.0,1.0,41.25,67.0,1.0,1.0,1.0,1.0,1.0,1.0,1.0,1.0,1.0,1.0,1.0,1.0,1.0,1.0,1.0
a2936df30120074ee2b32fd9a5ed9496,1.0,6.25,13.5,28.75,62.0,1.0,1.0,1.0,1.0,1.0,1.0,1.0,1.0,1.0,1.0,1.0,1.0,1.0,1.0,1.0
22bcaa8ecd6c2998cd725e7311151544,1.0,1.0,6.0,15.75,106.0,1.0,1.0,1.0,1.0,1.0,1.0,1.0,1.0,1.0,6.0,1.0,1.0,1.0,1.0,1.0
c4a8701a932fd74879ae6a6470d51514,1.0,1.0,1.0,1.0,1.0,1.0,1.0,1.0,6.25,45.0,1.0,1.0,1.0,1.0,57.0,1.0,1.0,1.0,1.0,1.0
bdd8b8004afe7e4f36b3c39d51bac9ec,1.0,1.0,1.0,1.0,1.0,1.0,1.0,1.0,19.5,26.0,1.0,1.0,1.0,1.0,53.0,1.0,1.0,1.0,1.0,1.0
c7f6ad28dccd61b9bce4ff1f27aa6662,1.0,1.0,1.0,1.0,1.0,1.0,1.0,1.0,1.0,149.0,1.0,1.0,1.0,1.0,1.0,1.0,1.0,1.0,1.0,1.0
c9323cdbf2225cd388d8b832bdd66eb1,1.0,1.0,1.0,1.0,1.0,1.0,1.0,1.0,1.0,1.0,1.0,1.0,1.0,1.0,147.0,1.0,1.0,1.0,1.0,1.0
1c1da3e36c883cb562cc4c5a56ed3fa6,1.0,1.0,1.0,1.0,1.0,1.0,1.0,3.5,13.5,56.0,1.0,1.0,1.0,7.0,39.0,1.0,1.0,1.0,1.0,1.0
43388de77b3efd9427c166102f19ad45,1.0,1.0,1.0,1.0,1.0,1.0,1.0,3.0,7.5,16.0,1.0,1.0,3.0,8.0,67.0,1.0,1.0,1.0,1.0,1.0
ae087a17f437a53f851d7654a5a6645c,1.0,7.0,13.5,19.75,36.0,1.0,1.0,1.0,1.0,1.0,1.0,1.0,1.0,1.0,23.0,1.0,1.0,1.0,1.0,1.0
7641849beb912c26c7e26c8686777a85,1.0,1.0,1.0,1.0,1.0,1.0,1.0,1.0,11.75,47.0,1.0,1.0,1.0,1.0,36.0,1.0,1.0,1.0,1.0,1.0
33ceef400d52e119a12874531a4b5d8f,1.0,1.0,5.0,30.75,71.0,1.0,1.0,1.0,1.0,1.0,1.0,1.0,1.0,1.0,1.0,1.0,1.0,1.0,1.0,1.0
499ce705449e46451e5f1eaa7b227ae2,1.0,1.0,1.0,1.0,140.0,1.0,1.0,1.0,1.0,1.0,1.0,1.0,1.0,1.0,1.0,1.0,1.0,1.0,1.0,1.0
0e231fdcef132f17f43646b00bf9d2c9,1.0,1.0,1.0,1.0,1.0,1.0,1.0,1.0,1.0,96.0,1.0,1.0,1.0,1.0,44.0,1.0,1.0,1.0,1.0,1.0
65acb90c1f269e56038348529fb09cdf,1.0,1.0,1.0,1.0,1.0,1.0,1.0,9.5,28.5,37.0,1.0,1.0,1.0,1.0,28.0,1.0,1.0,1.0,1.0,1.0
7945ed12e8c16433888909725ba680d7,1.0,1.0,1.0,1.0,1.0,1.0,1.0,1.0,3.75,19.0,1.0,1.0,1.0,1.0,12.0,1.0,1.0,3.0,13.0,54.0
2ce5e8a89de78b532263e4baa2fbad54,1.0,1.0,1.0,1.0,1.0,1.0,1.0,1.0,1.0,55.0,1.0,1.0,1.0,1.0,1.0,1.0,1.0,1.0,14.0,42.0
77f358c89e3836c285354b3b18f788a9,1.0,1.0,1.0,1.0,1.0,1.0,1.0,1.0,1.0,1.0,1.0,1.0,1.0,23.0,92.0,1.0,1.0,1.0,1.0,1.0
3ed7fe52130f946687694a26dc480d15,1.0,1.0,1.0,1.0,1.0,1.0,1.0,1.0,11.25,57.0,1.0,1.0,1.0,12.0,22.0,1.0,1.0,1.0,1.0,1.0
5d2ddb0c78bd8f9fd7b710eafb54853b,1.0,1.0,1.0,1.0,1.0,1.0,1.0,3.0,8.75,23.0,1.0,1.0,1.0,12.0,36.0,1.0,1.0,1.0,1.0,1.0
a3c411aae6e316341d505af6ca75243e,1.0,1.0,1.0,1.0,1.0,1.0,1.0,1.0,5.75,60.0,1.0,1.0,1.0,1.0,47.0,1.0,1.0,1.0,1.0,1.0
e63bf82b08616e9edd3c73dd69b7a616,1.0,1.0,1.0,1.0,1.0,1.0,1.0,1.0,1.0,88.0,1.0,1.0,1.0,1.0,48.0,1.0,1.0,1.0,1.0,1.0
a9d6a5f7975b032329925dd79ca6a9f1,1.0,7.0,17.0,25.0,46.0,1.0,1.0,1.0,1.0,1.0,1.0,1.0,1.0,1.0,1.0,1.0,1.0,1.0,1.0,1.0
95417e07c236ac7acbf5d66358df296d,1.0,1.0,1.0,1.0,1.0,1.0,1.0,1.0,1.0,10.0,1.0,1.0,1.0,1.0,1.0,1.0,1.0,1.0,1.0,125.0
bbc99824096869ffba0c8e4ef59cfb84,1.0,1.0,1.0,5.25,107.0,1.0,1.0,1.0,1.0,8.0,1.0,1.0,1.0,1.0,1.0,1.0,1.0,1.0,1.0,1.0
9fee0541c33fc3a7f60933b67b7dffe9,1.0,1.0,6.5,19.75,67.0,1.0,1.0,1.0,1.0,1.0,1.0,1.0,1.0,1.0,11.0,1.0,1.0,1.0,1.0,1.0
7144de9684c83011bf5f22cf3b41d0f9,1.0,1.0,1.0,1.0,1.0,1.0,1.0,1.0,3.25,49.0,1.0,1.0,1.0,4.0,41.0,1.0,1.0,1.0,1.0,10.0
5140459f4b7a91d213e055e26a40fa40,1.0,1.0,6.0,15.75,22.0,1.0,1.0,1.0,1.0,36.0,1.0,1.0,1.0,1.0,21.0,1.0,1.0,1.0,1.0,1.0
7e44b8773054a47843e4552617ba2dc5,1.0,1.0,14.0,24.25,48.0,1.0,1.0,1.0,1.0,1.0,1.0,1.0,1.0,1.0,8.0,1.0,1.0,1.0,1.0,1.0
e60b0d20788a9810bdff12607368576b,1.0,1.0,1.0,30.25,47.0,1.0,1.0,1.0,1.0,1.0,1.0,1.0,1.0,1.0,19.0,1.0,1.0,1.0,1.0,1.0
f7658cea5c4183a00c8a26e0d5a59187,1.0,1.0,1.0,1.0,1.0,1.0,1.0,1.0,6.25,59.0,1.0,1.0,1.0,1.0,45.0,1.0,1.0,1.0,1.0,1.0
79d06b65909141041df1ea6d2aaa440a,1.0,1.0,1.0,1.0,1.0,1.0,1.0,1.0,2.25,15.0,1.0,1.0,1.0,10.0,86.0,1.0,1.0,1.0,1.0,1.0
c1e1eb75b6ec596c23e5e653cbe42da4,1.0,1.0,1.0,1.0,1.0,1.0,1.0,1.0,1.0,1.0,1.0,1.0,1.0,1.0,124.0,1.0,1.0,1.0,1.0,1.0
003803ad4793fac9ebe6a54c78ad5a93,1.0,1.0,22.0,25.5,30.0,1.0,1.0,1.0,1.0,1.0,1.0,1.0,1.0,1.0,1.0,1.0,1.0,1.0,1.0,1.0
25d0bc970ce52db647439b74f905e506,1.0,1.0,1.0,1.0,1.0,1.0,1.0,1.0,1.0,78.0,1.0,1.0,1.0,1.0,45.0,1.0,1.0,1.0,1.0,1.0
95b7e9f29f62c6bca73ed11b2e8a35e1,1.0,1.0,1.0,1.0,1.0,1.0,1.0,5.0,25.5,39.0,1.0,1.0,1.0,1.0,20.0,1.0,1.0,1.0,1.0,1.0
fde71fd19ae125edac13405754d05654,1.0,1.0,1.0,1.0,1.0,1.0,1.0,1.0,7.0,35.0,1.0,1.0,1.0,7.0,51.0,1.0,1.0,1.0,1.0,7.0
642faa7e943147bdab00346a02d07a70,1.0,1.0,1.0,1.0,1.0,1.0,1.0,1.0,1.0,119.0,1.0,1.0,1.0,1.0,1.0,1.0,1.0,1.0,1.0,1.0
900a2b113b17a2705180ed5e1558ada4,1.0,1.0,1.0,1.0,1.0,1.0,1.0,1.0,1.0,75.0,1.0,1.0,1.0,1.0,45.0,1.0,1.0,1.0,1.0,1.0
8922b3ff3a8c63563cce404232a5fe8a,1.0,1.0,1.0,1.0,1.0,1.0,1.0,1.0,1.0,71.0,1.0,1.0,1.0,1.0,49.0,1.0,1.0,1.0,1.0,1.0
c87e36c6b00756dcb0e64d177f2f0f2b,1.0,1.0,1.0,1.0,1.0,1.0,1.0,1.0,1.0,89.0,1.0,1.0,1.0,1.0,29.0,1.0,1.0,1.0,1.0,1.0
8486cd530a32f6f5a7eaf2903797ae3e,1.0,10.75,17.5,20.75,29.0,1.0,1.0,1.0,1.0,1.0,1.0,1.0,1.0,1.0,1.0,1.0,1.0,1.0,1.0,1.0
f6649b8f5959e5c31a9f6d358b19b704,1.0,1.0,1.0,1.0,115.0,1.0,1.0,1.0,1.0,1.0,1.0,1.0,1.0,1.0,1.0,1.0,1.0,1.0,1.0,1.0
2cb690a623be64f308ba9bcec4140b2a,1.0,1.0,1.0,11.25,74.0,1.0,1.0,1.0,1.0,1.0,1.0,1.0,1.0,1.0,1.0,1.0,1.0,1.0,1.0,1.0
a557f5948fd2ab3d8f8583c85043872a,1.0,1.0,1.0,1.0,1.0,1.0,1.0,1.0,11.5,53.0,1.0,1.0,1.0,1.0,34.0,1.0,1.0,1.0,1.0,6.0
b11205a36b96476de06d4f27cfec38a8,1.0,1.0,10.0,25.5,40.0,1.0,1.0,1.0,1.0,1.0,1.0,1.0,1.0,1.0,1.0,1.0,1.0,1.0,1.0,1.0
a38d07e9ac875057541eacaa84d35398,1.0,1.0,1.0,1.0,1.0,1.0,1.0,5.0,12.25,16.0,1.0,1.0,1.0,10.0,37.0,1.0,1.0,1.0,1.0,4.0
c401dd13180ecba6872032c4e7673e25,1.0,1.0,1.0,10.5,47.0,1.0,1.0,1.0,1.0,1.0,1.0,1.0,1.0,1.0,21.0,1.0,1.0,1.0,1.0,1.0
eb82d3f10bb71a45e21c6bb8e5cad7cc,1.0,1.0,1.0,1.0,1.0,1.0,1.0,1.0,1.0,24.0,1.0,1.0,1.0,28.0,33.0,1.0,1.0,1.0,1.0,1.0
2500529b5a1bf49aba503fe02f9a254e,1.0,1.0,1.0,1.0,1.0,1.0,1.0,1.0,1.0,15.0,1.0,1.0,1.0,1.0,46.0,1.0,1.0,1.0,1.0,11.0
7f91fcfa7412e8dc8a66abb98eaf5a53,1.0,1.0,1.0,1.0,1.0,1.0,1.0,1.0,1.0,1.0,1.0,1.0,1.0,1.0,80.0,1.0,1.0,1.0,1.0,1.0
7a68511d2a52263c7f6a0dc28d81e932,1.0,11.75,15.5,17.75,25.0,1.0,1.0,1.0,1.0,1.0,1.0,1.0,1.0,1.0,1.0,1.0,1.0,1.0,1.0,1.0
68c2c38775ac7efe01f2383a4b08724f,1.0,1.0,1.0,1.0,110.0,1.0,1.0,1.0,1.0,1.0,1.0,1.0,1.0,1.0,1.0,1.0,1.0,1.0,1.0,1.0
4877fe883f1fcdcd6ae94cb73712902d,1.0,1.0,1.0,1.0,1.0,1.0,1.0,1.0,7.5,51.0,1.0,1.0,1.0,1.0,34.0,1.0,1.0,1.0,1.0,1.0
269cf7928072128361a52ca3a110571f,1.0,1.0,1.0,1.0,1.0,1.0,1.0,1.0,1.0,37.0,1.0,1.0,1.0,1.0,53.0,1.0,1.0,1.0,1.0,1.0
a3d31e0bc56de5eda200eb5b4deeced1,1.0,1.0,1.0,1.0,1.0,1.0,1.0,4.5,12.75,57.0,1.0,1.0,1.0,1.0,15.0,1.0,1.0,1.0,1.0,1.0
3bb55afb15ed810e271a03c2a66b9e10,1.0,1.0,1.0,1.0,1.0,1.0,1.0,1.0,1.0,60.0,1.0,1.0,1.0,1.0,30.0,1.0,1.0,1.0,1.0,1.0
627fe4f38ef3215a0a8e2f778e84837c,1.0,1.0,1.0,31.0,46.0,1.0,1.0,1.0,1.0,1.0,1.0,1.0,1.0,1.0,1.0,1.0,1.0,1.0,1.0,1.0
01ed464f8389be5b0f7b86000bca7683,1.0,1.0,1.0,1.0,1.0,1.0,1.0,3.0,7.75,16.0,1.0,1.0,1.0,5.0,54.0,1.0,1.0,1.0,1.0,1.0
ad9ea98d6300b2a7501f26fdbc88b1fd,1.0,1.0,1.0,1.0,1.0,1.0,1.0,1.0,9.25,38.0,1.0,1.0,1.0,9.0,20.0,1.0,1.0,1.0,1.0,1.0
c8f2b3de0207f14e4093d5e464523d2e,1.0,1.0,1.0,1.0,1.0,1.0,1.0,1.0,1.0,46.0,1.0,1.0,1.0,7.0,38.0,1.0,1.0,1.0,1.0,1.0
e122b3acedfe1a819e2e7983bdadf10b,1.0,1.0,1.0,1.0,1.0,1.0,1.0,1.0,6.75,66.0,1.0,1.0,1.0,1.0,27.0,1.0,1.0,1.0,1.0,1.0
41f72ea0560d754315315bde107b5afc,1.0,1.0,1.0,1.0,1.0,1.0,1.0,1.0,1.0,55.0,1.0,1.0,1.0,1.0,51.0,1.0,1.0,1.0,1.0,1.0
c6ecf3ac36368d663eb6d27348a294ba,1.0,1.0,1.0,23.25,59.0,1.0,1.0,1.0,1.0,1.0,1.0,1.0,1.0,1.0,1.0,1.0,1.0,1.0,1.0,1.0
2012b082f259104f405209c1452ecfd7,1.0,1.0,1.0,1.0,1.0,1.0,1.0,1.0,1.75,48.0,1.0,1.0,1.0,1.0,52.0,1.0,1.0,1.0,1.0,1.0
35170b61f6f84e19df0b63e6f9868ca2,1.0,1.0,1.0,1.0,1.0,1.0,1.0,1.0,1.0,11.0,1.0,1.0,1.0,1.0,1.0,1.0,1.0,13.0,14.0,24.0
00ea325b7c0b57797ee084e17e068299,1.0,1.0,1.0,19.75,60.0,1.0,1.0,1.0,1.0,1.0,1.0,1.0,1.0,1.0,1.0,1.0,1.0,1.0,1.0,1.0
6c84f8ee0a10d748dce2b6d0f0d2dcee,1.0,1.0,1.0,1.0,1.0,1.0,1.0,1.0,1.0,23.0,1.0,1.0,1.0,7.0,59.0,1.0,1.0,1.0,1.0,1.0
f3a364592888a54919f6e14fd97a5204,1.0,1.0,1.0,1.0,1.0,1.0,1.0,1.0,1.0,1.0,1.0,1.0,1.0,1.0,98.0,1.0,1.0,1.0,1.0,1.0
7130b82cc0bd7dad0007c4320d102fe1,1.0,8.0,11.0,19.0,24.0,1.0,1.0,1.0,1.0,1.0,1.0,1.0,1.0,1.0,1.0,1.0,1.0,1.0,1.0,1.0
3ac3f4c7c45515628515b0eacf5170d5,1.0,1.0,1.0,1.0,1.0,1.0,1.0,1.0,1.5,59.0,1.0,1.0,1.0,1.0,35.0,1.0,1.0,1.0,1.0,1.0
789435b25e3900a5492c25e9217b6aaa,1.0,1.0,1.0,1.0,1.0,1.0,1.0,1.0,1.0,18.0,1.0,1.0,1.0,1.0,78.0,1.0,1.0,1.0,1.0,1.0
ff87795cecc4edbc180c779cefee28b1,1.0,1.0,1.0,1.0,1.0,1.0,1.0,1.0,1.0,49.0,1.0,1.0,1.0,1.0,47.0,1.0,1.0,1.0,1.0,1.0
c2ba738f2b272dc393d4561ba0b3453b,1.0,1.0,1.0,1.0,92.0,1.0,1.0,1.0,1.0,3.0,1.0,1.0,1.0,1.0,1.0,1.0,1.0,1.0,1.0,1.0
14d2386d647a6cd231236035f18014e9,1.0,1.0,1.0,1.0,1.0,1.0,1.0,1.0,1.0,1.0,1.0,1.0,1.0,1.0,94.0,1.0,1.0,1.0,1.0,1.0
2a2f3f401b002d68e17c880024e07b27,1.0,1.0,1.0,1.0,1.0,1.0,1.0,1.0,3.5,21.0,1.0,1.0,1.0,1.0,33.0,1.0,1.0,1.0,1.0,7.0
0e435eb858e25a5e4b5b69f6154976aa,1.0,1.0,6.0,20.75,30.0,1.0,1.0,1.0,1.0,1.0,1.0,1.0,1.0,1.0,9.0,1.0,1.0,1.0,1.0,1.0
44eebae31115e43c0d2d4d16d116af10,1.0,1.0,1.0,1.0,1.0,1.0,1.0,5.5,10.75,16.0,1.0,1.0,1.0,1.0,46.0,1.0,1.0,1.0,1.0,1.0
4ff24fc8bbb1263940427ba778d2367b,1.0,1.0,1.0,1.0,1.0,1.0,1.0,1.0,1.0,27.0,1.0,1.0,1.0,1.0,1.0,1.0,1.0,1.0,1.0,60.0
15f92246da9d186be06e176a3eb7a8d2,1.0,1.0,1.0,1.0,1.0,1.0,1.0,1.0,1.0,24.0,1.0,1.0,1.0,1.0,1.0,1.0,1.0,1.0,1.0,37.0
8bbecc69652b18225610e5ab4f5f9773,1.0,1.0,1.0,1.0,13.0,1.0,1.0,7.5,17.25,22.0,1.0,1.0,1.0,1.0,11.0,1.0,1.0,1.0,1.0,1.0
b2979772d1c3a1305eadc09dc1655279,1.0,1.0,1.0,5.0,74.0,1.0,1.0,1.0,1.0,1.0,1.0,1.0,1.0,1.0,1.0,1.0,1.0,1.0,1.0,1.0
c704107a9b045b2d7ed07ca079eae6de,1.0,1.0,1.0,1.0,1.0,1.0,1.0,1.0,1.0,41.0,1.0,1.0,1.0,1.0,35.0,1.0,1.0,1.0,1.0,1.0
fd50bd86698e7a3008016387e404313d,1.0,1.0,12.0,14.75,36.0,1.0,1.0,1.0,1.0,1.0,1.0,1.0,1.0,1.0,1.0,1.0,1.0,1.0,1.0,1.0
774c45094cda1b8dd6927b5286286851,1.0,1.0,1.0,1.0,1.0,1.0,1.0,1.0,1.0,33.0,1.0,1.0,1.0,1.0,8.0,1.0,1.0,1.0,7.0,30.0
808706088521bb561505ba63d8393b35,1.0,1.0,1.0,1.0,1.0,1.0,1.0,1.0,13.0,22.0,1.0,1.0,1.0,8.0,19.0,1.0,1.0,1.0,1.0,1.0
afac895bca45f4f94b0aeb994bac629a,1.0,1.0,1.0,1.0,1.0,1.0,1.0,1.0,1.0,6.0,1.0,1.0,1.0,1.0,1.0,1.0,4.0,7.0,12.0,32.0
403070f17c485e70cde5c562593c67f4,1.0,1.0,1.0,1.0,3.0,1.0,1.0,1.0,4.75,21.0,1.0,1.0,1.0,8.0,28.0,1.0,1.0,1.0,1.0,1.0
ad79ba6352cf31e4429e656c67644bfc,1.0,1.0,1.0,24.25,35.0,1.0,1.0,1.0,1.0,1.0,1.0,1.0,1.0,1.0,1.0,1.0,1.0,1.0,1.0,1.0
91f31decc5da48ca6f11b5d662f7ceab,1.0,1.0,1.0,23.5,31.0,1.0,1.0,1.0,1.0,1.0,1.0,1.0,1.0,1.0,1.0,1.0,1.0,1.0,1.0,1.0
93792b0e02860a8ff072dd0fa2a82242,1.0,1.0,1.0,1.0,1.0,1.0,1.0,2.5,6.75,16.0,1.0,1.0,1.0,6.0,26.0,1.0,1.0,1.0,1.0,1.0
6f63abb4e38bbd27cc340c36ecb3d81d,1.0,1.0,1.0,1.0,1.0,1.0,1.0,1.0,7.75,18.0,1.0,1.0,1.0,1.0,40.0,1.0,1.0,1.0,1.0,1.0
397629a13780ea07001483c8749fd839,1.0,1.0,1.0,1.0,1.0,1.0,1.0,1.0,1.0,35.0,1.0,1.0,1.0,1.0,45.0,1.0,1.0,1.0,1.0,1.0
b704c6646405327b04e805accfb8d5e9,1.0,1.0,1.0,1.0,1.0,1.0,1.0,1.0,1.0,41.0,1.0,1.0,1.0,1.0,39.0,1.0,1.0,1.0,1.0,1.0
9aa9dbd14e49b158bd686d0371483771,1.0,1.0,1.0,1.0,1.0,1.0,1.0,1.0,1.0,1.0,1.0,1.0,1.0,1.0,79.0,1.0,1.0,1.0,1.0,1.0
927381a65ddaa2800255c9186c9b1aaa,1.0,1.0,1.0,1.0,1.0,1.0,1.0,1.0,1.0,1.0,1.0,1.0,1.0,1.0,1.0,1.0,1.0,1.0,1.0,47.0
ff5c436386dfa93a6fa6fb71b895d925,1.0,1.0,1.0,1.0,1.0,1.0,1.0,1.0,2.25,21.0,1.0,1.0,1.0,1.0,53.0,1.0,1.0,1.0,1.0,1.0
2d9330d541fc8b3acb7b13258954b970,1.0,1.0,1.0,1.0,1.0,1.0,1.0,1.0,12.75,19.0,1.0,1.0,1.0,1.0,33.0,1.0,1.0,1.0,1.0,1.0
47866fc93c1bb26e7cd16cf31509866d,1.0,1.0,1.0,1.0,1.0,1.0,1.0,1.0,1.0,42.0,1.0,1.0,1.0,1.0,37.0,1.0,1.0,1.0,1.0,1.0
6c479f008552baa5e1cd5c2dcf2adc36,1.0,1.0,1.0,1.0,1.0,1.0,1.0,1.0,4.25,64.0,1.0,1.0,1.0,1.0,1.0,1.0,1.0,1.0,1.0,1.0
8684b6a7961c0992abe42d81c59468d4,1.0,1.0,1.0,1.0,1.0,1.0,1.0,1.0,1.0,44.0,1.0,1.0,1.0,1.0,34.0,1.0,1.0,1.0,1.0,1.0
e9929c8951a51a9e8c11007e662fa63c,1.0,1.0,1.0,1.0,1.0,1.0,1.0,1.0,7.25,32.0,1.0,1.0,1.0,1.0,20.0,1.0,1.0,1.0,1.0,1.0
949a5ce6c5299563540a0ae7bdb6d47f,1.0,1.0,1.0,7.25,27.0,1.0,1.0,1.0,1.0,1.0,1.0,1.0,1.0,1.0,24.0,1.0,1.0,1.0,1.0,1.0
ac61645141c4a41006ca8977daea3746,1.0,1.0,1.0,1.0,1.0,1.0,1.0,1.0,1.0,48.0,1.0,1.0,1.0,1.0,28.0,1.0,1.0,1.0,1.0,1.0
5e098942aa0c1438e3a39e4be5f277e9,1.0,1.0,1.0,1.0,1.0,1.0,1.0,4.0,8.0,19.0,1.0,1.0,1.0,1.0,30.0,1.0,1.0,1.0,1.0,1.0
6837e1794b8f276fa12f9e6b3c4a4319,1.0,1.0,1.0,1.0,1.0,1.0,1.0,1.0,3.25,14.0,1.0,1.0,1.0,1.0,25.0,1.0,1.0,1.0,1.0,7.0
493d2874874a8e6755e4bfd44e4bc308,1.0,1.0,1.0,1.0,1.0,1.0,1.0,1.0,1.0,37.0,1.0,1.0,1.0,1.0,28.0,1.0,1.0,1.0,1.0,1.0
f799ef0b980160110c80ae42d86f01e2,1.0,1.0,1.0,1.0,1.0,1.0,1.0,1.0,1.0,1.0,1.0,1.0,1.0,1.0,74.0,1.0,1.0,1.0,1.0,1.0
fe3b95323dbe9cee4ae611e300cf746e,1.0,1.0,1.0,12.75,48.0,1.0,1.0,1.0,1.0,1.0,1.0,1.0,1.0,1.0,1.0,1.0,1.0,1.0,1.0,1.0
0440f62914d9cbd3fab890f7aeaf4ea9,1.0,1.0,1.0,1.0,1.0,1.0,1.0,1.0,1.0,73.0,1.0,1.0,1.0,1.0,1.0,1.0,1.0,1.0,1.0,1.0
f89e5e69e205bfcefbf69866a99451d6,1.0,1.0,1.0,1.0,1.0,1.0,1.0,1.0,1.0,53.0,1.0,1.0,1.0,1.0,20.0,1.0,1.0,1.0,1.0,1.0
b542bc08396c7cc45e0e5bf1cf5b819b,1.0,1.0,1.0,1.0,1.0,1.0,1.0,1.0,10.75,30.0,1.0,1.0,1.0,4.0,15.0,1.0,1.0,1.0,1.0,1.0
59ef2b280ddf2ac0bbb59f4759209bfe,1.0,1.0,1.0,1.0,1.0,1.0,1.0,1.0,1.0,40.0,1.0,1.0,1.0,1.0,32.0,1.0,1.0,1.0,1.0,1.0
3b4e02550235d55a4b0fa06c69b2affb,1.0,1.0,1.0,1.0,43.0,1.0,1.0,1.0,1.0,1.0,1.0,1.0,1.0,1.0,26.0,1.0,1.0,1.0,1.0,1.0
3dc970a85835231389fa03608d7c4cee,1.0,1.0,1.0,1.0,1.0,1.0,1.0,1.0,1.0,59.0,1.0,1.0,1.0,1.0,10.0,1.0,1.0,1.0,1.0,1.0
a958db03aa3bc1e0bb5d5cd1195b9461,1.0,1.0,1.0,1.0,19.0,1.0,1.0,1.0,1.0,11.0,1.0,1.0,1.0,1.0,33.0,1.0,1.0,1.0,1.0,1.0
e284982a9e101cacbe436bda97144ad8,1.0,1.0,1.0,1.0,1.0,1.0,1.0,1.0,7.5,25.0,1.0,1.0,1.0,1.0,18.0,1.0,1.0,1.0,1.0,1.0
cc3e5ef19e51d43c807feee68e597cfa,1.0,1.0,1.0,1.0,1.0,1.0,1.0,1.0,1.0,42.0,1.0,1.0,1.0,1.0,24.0,1.0,1.0,1.0,1.0,1.0
a45571b4d3f200b96c15784943cfe733,1.0,1.0,1.0,1.0,1.0,1.0,1.0,1.0,1.0,1.0,1.0,1.0,1.0,1.0,64.0,1.0,1.0,1.0,1.0,1.0
ee4fdcc2df1434013aa74ab0da97e091,1.0,1.0,1.0,4.5,49.0,1.0,1.0,1.0,1.0,1.0,1.0,1.0,1.0,1.0,1.0,1.0,1.0,1.0,1.0,1.0
58a9d30d4cc5cd69d82fdf71d9c2ef1b,1.0,1.0,1.0,12.25,26.0,1.0,1.0,1.0,1.0,1.0,1.0,1.0,1.0,1.0,12.0,1.0,1.0,1.0,1.0,1.0
4b4818c34ed21a46bafd9991b7366f11,1.0,1.0,1.0,1.0,1.0,1.0,1.0,1.0,1.0,61.0,1.0,1.0,1.0,1.0,1.0,1.0,1.0,1.0,1.0,1.0
43155ad133fe7fe9648b4b04d0dc2fe1,1.0,1.0,1.0,1.0,1.0,1.0,1.0,1.0,1.0,1.0,1.0,1.0,1.0,1.0,61.0,1.0,1.0,1.0,1.0,1.0
38915b3f47463b131c6bfcfd5aabfd54,1.0,1.0,1.0,6.0,40.0,1.0,1.0,1.0,1.0,1.0,1.0,1.0,1.0,1.0,1.0,1.0,1.0,1.0,1.0,1.0
ff747ef6897c3aadb517afa550a96062,1.0,1.0,1.0,1.0,1.0,1.0,1.0,1.0,1.0,18.0,1.0,1.0,1.0,1.0,43.0,1.0,1.0,1.0,1.0,1.0
c871f92a5ddfd47adee2d5364c1dff03,1.0,1.0,1.0,1.0,1.0,1.0,1.0,1.0,3.0,12.0,1.0,1.0,1.0,1.0,29.0,1.0,1.0,1.0,1.0,1.0
8b5cbe8dce2af84ae952fa4fd783acdb,1.0,1.0,1.0,1.0,1.0,1.0,1.0,1.0,1.0,31.0,1.0,1.0,1.0,1.0,29.0,1.0,1.0,1.0,1.0,1.0
e810c62e56c314462c6886cfeafd42f0,1.0,1.0,1.0,1.0,1.0,1.0,1.0,1.0,1.0,1.0,1.0,1.0,1.0,1.0,50.0,1.0,1.0,1.0,1.0,1.0
2dd040db6fdf52c9cf4932d081c19260,1.0,1.0,1.0,1.0,1.0,1.0,1.0,1.0,1.0,12.0,1.0,1.0,1.0,1.0,45.0,1.0,1.0,1.0,1.0,1.0
6564ed484a348efe4731e0b6682f0bbb,1.0,1.0,1.0,1.0,1.0,1.0,1.0,1.0,1.0,26.0,1.0,1.0,1.0,1.0,31.0,1.0,1.0,1.0,1.0,1.0
5e50837863a571c3a0c2cd1420385e95,1.0,1.0,1.0,1.0,1.0,1.0,1.0,1.0,1.0,27.0,1.0,1.0,1.0,1.0,30.0,1.0,1.0,1.0,1.0,1.0
c48582949c0021e011a7b6152f194793,1.0,1.0,1.0,1.0,1.0,1.0,1.0,1.0,1.0,34.0,1.0,1.0,1.0,1.0,18.0,1.0,1.0,1.0,1.0,6.0
25f8ea8ed00a773a34168d64618f00ee,1.0,3.25,6.5,10.25,13.0,1.0,1.0,1.0,1.0,6.0,1.0,1.0,1.0,1.0,4.0,1.0,1.0,1.0,1.0,1.0
5b8a09c3125aa18eaac67c067d81150f,1.0,1.0,4.0,11.75,23.0,1.0,1.0,1.0,1.0,1.0,1.0,1.0,1.0,1.0,1.0,1.0,1.0,1.0,1.0,1.0
222e7a330b9a5e24ed59ec5bc8ceac35,1.0,1.0,3.5,8.25,29.0,1.0,1.0,1.0,1.0,1.0,1.0,1.0,1.0,1.0,1.0,1.0,1.0,1.0,1.0,1.0
081037b458c886c15d10dce15ab78c73,1.0,1.0,1.0,1.0,1.0,1.0,1.0,1.0,6.5,25.0,1.0,1.0,1.0,1.0,8.0,1.0,1.0,1.0,1.0,1.0
9c85058051573597c542008367c88e5c,1.0,1.0,1.0,12.0,26.0,1.0,1.0,1.0,1.0,1.0,1.0,1.0,1.0,1.0,1.0,1.0,1.0,1.0,1.0,1.0
d253d6224ed2783d55dfa63057af8d44,1.0,1.0,1.0,15.75,21.0,1.0,1.0,1.0,1.0,1.0,1.0,1.0,1.0,1.0,1.0,1.0,1.0,1.0,1.0,1.0
de752bd4fbe2c53252d88b4361bdd702,1.0,1.0,1.0,1.0,1.0,1.0,1.0,1.0,6.5,30.0,1.0,1.0,1.0,1.0,1.0,1.0,1.0,1.0,1.0,1.0
985c7be743a21455a84b3a2fda5d2d27,1.0,1.0,1.0,1.0,1.0,1.0,1.0,1.0,1.0,30.0,1.0,1.0,1.0,1.0,16.0,1.0,1.0,1.0,1.0,8.0
2be90cc9bd2811af7cca6bc28463b176,1.0,1.0,1.0,1.0,1.0,1.0,1.0,1.0,1.0,52.0,1.0,1.0,1.0,1.0,1.0,1.0,1.0,1.0,1.0,1.0
3bc6d0b911f182dd51d4f47982ebeccf,1.0,1.0,1.0,1.0,1.0,1.0,1.0,1.0,1.0,21.0,1.0,1.0,1.0,1.0,32.0,1.0,1.0,1.0,1.0,1.0
dd6b7d79ca460e74664d54d55dfa0d05,1.0,1.0,1.0,1.0,1.0,1.0,1.0,1.0,1.0,1.0,1.0,1.0,1.0,1.0,28.0,1.0,1.0,1.0,1.0,1.0
0bacd0a54dbb68d4fbb00d777c5d124f,1.0,1.0,1.0,1.0,1.0,1.0,1.0,1.0,1.0,13.0,1.0,1.0,1.0,1.0,33.0,1.0,1.0,1.0,1.0,4.0
0204aa97a655fab087a6f6902be35eb6,1.0,1.0,1.0,1.0,1.0,1.0,1.0,1.0,2.75,35.0,1.0,1.0,1.0,1.0,10.0,1.0,1.0,1.0,1.0,1.0
2fcf2f6dfa8b8a33e6ee0dd44b56c093,1.0,1.0,1.0,1.0,1.0,1.0,1.0,1.0,1.0,41.0,1.0,1.0,1.0,1.0,3.0,1.0,1.0,1.0,1.0,9.0
30f13baf56a68fc6c2b963515fe6fcc4,1.0,1.0,1.0,4.0,38.0,1.0,1.0,1.0,1.0,1.0,1.0,1.0,1.0,1.0,1.0,1.0,1.0,1.0,1.0,1.0
d1f0910bb84c670c9d28bb2afc05001e,1.0,1.0,1.0,4.75,35.0,1.0,1.0,1.0,1.0,1.0,1.0,1.0,1.0,1.0,1.0,1.0,1.0,1.0,1.0,1.0
3932630a38a555e7b87153985d994027,1.0,1.0,1.0,1.0,1.0,1.0,1.0,1.0,1.0,37.0,1.0,1.0,1.0,1.0,14.0,1.0,1.0,1.0,1.0,1.0
b040c96ee9f644c8665cf927472e08ec,1.0,1.0,1.0,1.0,1.0,1.0,1.0,1.0,1.0,30.0,1.0,1.0,1.0,1.0,21.0,1.0,1.0,1.0,1.0,1.0
aa936f0c537796e1770033d4dadceb6c,1.0,1.0,1.0,8.5,27.0,1.0,1.0,1.0,1.0,1.0,1.0,1.0,1.0,1.0,1.0,1.0,1.0,1.0,1.0,1.0
f22b87f73bd90eb62ed187c2575f3c87,1.0,1.0,1.0,1.0,5.0,1.0,1.0,1.0,2.75,10.0,1.0,1.0,1.0,1.0,26.0,1.0,1.0,1.0,1.0,1.0
fc457ddd7a90a275ac31d6fdf42b92fb,1.0,1.0,1.0,1.0,1.0,1.0,1.0,1.0,10.5,20.0,1.0,1.0,1.0,1.0,10.0,1.0,1.0,1.0,1.0,1.0
3ecd95447b41d879f09b98ee906ebed5,1.0,1.0,1.0,1.0,1.0,1.0,1.0,1.0,5.5,31.0,1.0,1.0,1.0,1.0,1.0,1.0,1.0,1.0,1.0,1.0
65aae1815c95a370de8476917714bfde,1.0,1.0,1.0,1.0,1.0,1.0,1.0,1.0,1.0,30.0,1.0,1.0,1.0,1.0,20.0,1.0,1.0,1.0,1.0,1.0
0a5c41846b15981e676414aa98629229,1.0,1.0,1.0,1.0,1.0,1.0,1.0,1.0,1.0,39.0,1.0,1.0,1.0,1.0,11.0,1.0,1.0,1.0,1.0,1.0
ae97cd8f569193b5efab6e755d117c8b,1.0,1.0,1.0,1.0,1.0,1.0,1.0,1.0,1.0,28.0,1.0,1.0,1.0,1.0,21.0,1.0,1.0,1.0,1.0,1.0
dc1ba7f984b333918c3778e6e7fc40a8,1.0,1.0,1.0,1.0,1.0,1.0,1.0,1.0,1.0,17.0,1.0,1.0,1.0,1.0,28.0,1.0,1.0,1.0,1.0,1.0
383f854f50836090fdcdc05cf9a95078,1.0,1.0,1.0,1.0,1.0,1.0,1.0,1.0,1.0,48.0,1.0,1.0,1.0,1.0,1.0,1.0,1.0,1.0,1.0,1.0
c476a045b42b30e13d8a25f4b2e5a226,1.0,1.0,1.0,1.0,1.0,1.0,1.0,1.0,1.0,14.0,1.0,1.0,1.0,1.0,1.0,1.0,1.0,1.0,9.0,11.0
fd7fabb9271783a710a6b87681151fed,1.0,1.0,1.0,1.0,7.0,1.0,1.0,1.0,4.0,13.0,1.0,1.0,1.0,6.0,9.0,1.0,1.0,1.0,1.0,1.0
60c472c0befcf98a67f70e59c3860efe,1.0,1.0,1.0,1.0,1.0,1.0,1.0,1.0,1.0,1.0,1.0,1.0,1.0,1.0,47.0,1.0,1.0,1.0,1.0,1.0
065dac92a2d0d2cba9ea5201375ef768,1.0,1.0,1.0,1.0,1.0,1.0,1.0,1.0,1.0,46.0,1.0,1.0,1.0,1.0,1.0,1.0,1.0,1.0,1.0,1.0
7ee96545c595398ff36ebb211e99083e,1.0,1.0,1.0,1.0,1.0,1.0,1.0,1.0,1.0,46.0,1.0,1.0,1.0,1.0,1.0,1.0,1.0,1.0,1.0,1.0
dfd4530be5dde0c6451cb8f7bc330d40,1.0,1.0,1.0,1.0,1.0,1.0,1.0,1.0,1.0,7.0,1.0,1.0,1.0,1.0,25.0,1.0,1.0,1.0,1.0,1.0
4ec38f820b9e7662305e225473970122,1.0,1.0,1.0,5.5,27.0,1.0,1.0,1.0,1.0,1.0,1.0,1.0,1.0,1.0,1.0,1.0,1.0,1.0,1.0,1.0
ecc95de27390f17481f22552111f4519,1.0,1.0,1.0,1.0,1.0,1.0,1.0,1.0,1.0,17.0,1.0,1.0,1.0,1.0,17.0,1.0,1.0,1.0,1.0,1.0
db870fbe8d7d9d12fe45bdf880a42b9c,1.0,1.0,1.0,1.0,1.0,1.0,1.0,1.0,1.5,9.0,1.0,1.0,1.0,1.0,4.0,1.0,1.0,3.0,4.0,14.0
340655d1aa06c93e323cc5181681a317,1.0,1.0,1.0,1.0,1.0,1.0,1.0,1.0,1.0,17.0,1.0,1.0,1.0,1.0,29.0,1.0,1.0,1.0,1.0,1.0
84e235fc249ada26302ffa297081bf99,1.0,1.0,1.0,1.0,1.0,1.0,1.0,1.0,3.5,34.0,1.0,1.0,1.0,1.0,1.0,1.0,1.0,1.0,1.0,1.0
587f197385009e5aafb31ddbb8ed20f2,1.0,1.0,1.0,1.0,1.0,1.0,1.0,1.0,2.25,23.0,1.0,1.0,1.0,1.0,17.0,1.0,1.0,1.0,1.0,1.0
a9a93930ed630dbf24a2d8cb7397e0dc,1.0,1.0,1.0,1.0,1.0,1.0,1.0,1.0,1.0,44.0,1.0,1.0,1.0,1.0,1.0,1.0,1.0,1.0,1.0,1.0
bb187c1666131439ce5e37a827c6f934,1.0,1.0,1.0,1.0,1.0,1.0,1.0,1.0,1.0,24.0,1.0,1.0,1.0,1.0,21.0,1.0,1.0,1.0,1.0,1.0
510978386ec7775830ce66ef90f168c6,1.0,1.0,1.0,1.0,1.0,1.0,1.0,1.0,1.0,9.0,1.0,1.0,1.0,11.0,14.0,1.0,1.0,1.0,1.0,1.0
b57d46054c48e29d83688bae4f676fea,1.0,1.0,1.0,1.0,9.0,1.0,1.0,1.0,1.0,6.0,1.0,1.0,1.0,1.0,30.0,1.0,1.0,1.0,1.0,1.0
61a35a6889dcaf168ee1de897aadd085,1.0,1.0,1.0,1.0,1.0,1.0,1.0,1.0,5.25,26.0,1.0,1.0,1.0,1.0,1.0,1.0,1.0,1.0,1.0,1.0
99130863cb0ff5cd92ad67187561057e,1.0,1.0,1.0,1.0,1.0,1.0,1.0,1.0,1.0,43.0,1.0,1.0,1.0,1.0,1.0,1.0,1.0,1.0,1.0,1.0
c3acff7e2b1c14c645393fd67c4cf4e6,1.0,1.0,1.0,1.0,1.0,1.0,1.0,1.0,1.0,4.0,1.0,1.0,1.0,1.0,14.0,1.0,1.0,1.0,4.0,18.0
f0dda0a0f91c6172e450f7ba90f31e9a,1.0,1.0,1.0,1.0,1.0,1.0,1.0,1.0,1.0,1.0,1.0,1.0,1.0,1.0,41.0,1.0,1.0,1.0,1.0,1.0
83192758f0a169af35bebe1352ed5f1a,1.0,1.0,1.0,1.0,1.0,1.0,1.0,1.0,1.0,1.0,1.0,1.0,1.0,1.0,43.0,1.0,1.0,1.0,1.0,1.0
f0769a3edaef26be7e92fd1826b22b3f,1.0,1.0,1.0,1.0,1.0,1.0,1.0,1.0,2.25,21.0,1.0,1.0,1.0,1.0,17.0,1.0,1.0,1.0,1.0,1.0
e149aec1296f16cb57885d98bc69e616,1.0,1.0,1.0,1.0,1.0,1.0,1.0,1.0,1.0,10.0,1.0,1.0,1.0,1.0,1.0,1.0,1.0,1.0,3.0,20.0
d76061b2bcf6f2be7788796a7b9c03b5,1.0,1.0,1.0,5.75,22.0,1.0,1.0,1.0,1.0,1.0,1.0,1.0,1.0,1.0,1.0,1.0,1.0,1.0,1.0,1.0
a60427c6af1be00043839e776ac42f86,1.0,1.0,1.0,1.0,1.0,1.0,1.0,1.0,1.0,41.0,1.0,1.0,1.0,1.0,1.0,1.0,1.0,1.0,1.0,1.0
cffbe6131ae5774da18f3ed65c2e1eb0,1.0,1.0,1.0,1.0,1.0,1.0,1.0,1.0,1.0,20.0,1.0,1.0,1.0,1.0,22.0,1.0,1.0,1.0,1.0,1.0
5d334fe576cbd68ce365caef9637cd00,1.0,1.0,1.0,1.0,1.0,1.0,1.0,1.0,1.0,1.0,1.0,1.0,1.0,1.0,41.0,1.0,1.0,1.0,1.0,1.0
c49db6ba7a4fdec899ce0c751c5c259c,1.0,1.0,1.0,3.5,24.0,1.0,1.0,1.0,1.0,7.0,1.0,1.0,1.0,1.0,1.0,1.0,1.0,1.0,1.0,1.0
38063f050f997985c98be4f788968899,1.0,1.0,1.0,5.0,24.0,1.0,1.0,1.0,1.0,1.0,1.0,1.0,1.0,1.0,1.0,1.0,1.0,1.0,1.0,1.0
6b7ee903019ef739df36e7b6d0e6b7a2,1.0,1.0,1.0,1.0,1.0,1.0,1.0,1.0,1.0,19.0,1.0,1.0,1.0,1.0,22.0,1.0,1.0,1.0,1.0,1.0
7eb7a384d6ef9f24cf2abe6a53bf7860,1.0,1.0,1.0,1.0,1.0,1.0,1.0,1.0,1.0,14.0,1.0,1.0,1.0,1.0,27.0,1.0,1.0,1.0,1.0,1.0
e1d427eebadec6e022ae5741e403a128,1.0,1.0,1.0,1.0,1.0,1.0,1.0,1.0,1.0,22.0,1.0,1.0,1.0,1.0,19.0,1.0,1.0,1.0,1.0,1.0
85695080d3c85d89f091bbb5b1e61906,1.0,1.0,1.0,12.25,14.0,1.0,1.0,1.0,1.0,1.0,1.0,1.0,1.0,1.0,3.0,1.0,1.0,1.0,1.0,1.0
753bc93248fde9dcb43fea45b2019599,1.0,1.0,1.0,1.0,39.0,1.0,1.0,1.0,1.0,1.0,1.0,1.0,1.0,1.0,1.0,1.0,1.0,1.0,1.0,1.0
ce418b12516d223e440993a42fae844e,1.0,1.0,1.0,1.0,1.0,1.0,1.0,1.0,5.0,16.0,1.0,1.0,1.0,1.0,12.0,1.0,1.0,1.0,1.0,1.0
8fc57b0a056523b5c4a2c9ffc1188a97,1.0,1.0,1.0,1.0,1.0,1.0,1.0,1.0,1.75,21.0,1.0,1.0,1.0,1.0,16.0,1.0,1.0,1.0,1.0,1.0
c59427da23db7177258cb05c76731e7d,1.0,1.0,1.0,1.0,1.0,1.0,1.0,1.0,1.0,14.0,1.0,1.0,1.0,1.0,26.0,1.0,1.0,1.0,1.0,1.0
542eddf0afb022815a5985304b821f92,1.0,1.0,1.0,1.0,1.0,1.0,1.0,1.0,1.0,14.0,1.0,1.0,1.0,1.0,25.0,1.0,1.0,1.0,1.0,1.0
3143d96b5fa544cd0946633cf014a51d,1.0,1.0,1.0,1.0,1.0,1.0,1.0,1.0,3.5,18.0,1.0,1.0,1.0,1.0,11.0,1.0,1.0,1.0,1.0,1.0
b860c2fb7c750bc7e96b20013757a70c,1.0,1.0,1.0,1.0,1.0,1.0,1.0,1.0,2.5,24.0,1.0,1.0,1.0,1.0,9.0,1.0,1.0,1.0,1.0,1.0
8344b4816515200c45d434d3ee7fe645,1.0,1.0,1.0,1.0,1.0,1.0,1.0,1.0,1.0,38.0,1.0,1.0,1.0,1.0,1.0,1.0,1.0,1.0,1.0,1.0
99096e7f3e2e71db09e05aac5f48cdd5,1.0,1.0,1.0,1.0,1.0,1.0,1.0,1.0,1.0,1.0,1.0,1.0,1.0,1.0,38.0,1.0,1.0,1.0,1.0,1.0
8811a7464b95e9d9d9c947fb7a612a64,1.0,1.0,1.0,1.0,1.0,1.0,1.0,1.0,1.0,26.0,1.0,1.0,1.0,1.0,12.0,1.0,1.0,1.0,1.0,1.0
fd4374a0c15e1ca291f9ba2f1d6e15e4,1.0,1.0,1.0,1.0,1.0,1.0,1.0,1.0,1.0,32.0,1.0,1.0,1.0,1.0,1.0,1.0,1.0,1.0,1.0,6.0
e39a6d34b8bd3b3cac154f0d06c34be7,1.0,1.0,1.0,1.0,1.0,1.0,1.0,1.0,1.0,28.0,1.0,1.0,1.0,1.0,10.0,1.0,1.0,1.0,1.0,1.0
f67f903a1ab368f0a4f4e942a99f1a74,1.0,1.0,1.0,1.0,1.0,1.0,1.0,1.0,1.0,1.0,1.0,1.0,1.0,1.0,37.0,1.0,1.0,1.0,1.0,1.0
3b24cc4787f6544933015663ddae311e,1.0,1.0,1.0,1.0,36.0,1.0,1.0,1.0,1.0,1.0,1.0,1.0,1.0,1.0,1.0,1.0,1.0,1.0,1.0,1.0
fbaed85cad548818cbcc2d6e22c04271,1.0,1.0,1.0,1.0,1.0,1.0,1.0,1.0,1.0,13.0,1.0,1.0,1.0,1.0,21.0,1.0,1.0,1.0,1.0,1.0
bc029c5a8b448d61a8413cd046ffe7fb,1.0,1.0,1.0,1.0,1.0,1.0,1.0,1.0,1.0,27.0,1.0,1.0,1.0,1.0,10.0,1.0,1.0,1.0,1.0,1.0
a97f29919eb1c36bf55f6826ff8eb3f8,1.0,1.0,1.0,1.0,1.0,1.0,1.0,1.0,1.0,26.0,1.0,1.0,1.0,1.0,11.0,1.0,1.0,1.0,1.0,1.0
36fc9205c62364d8c88618f13dea9d22,1.0,1.0,1.0,1.0,1.0,1.0,1.0,1.0,1.0,1.0,1.0,1.0,1.0,1.0,36.0,1.0,1.0,1.0,1.0,1.0
50d1d0b47ca77b6f54f3ffc80c505877,1.0,1.0,1.0,1.0,1.0,1.0,1.0,1.0,1.0,1.0,1.0,1.0,1.0,1.0,36.0,1.0,1.0,1.0,1.0,1.0
021fea7b9ee894e0a50c212098752733,1.0,1.0,1.0,1.0,22.0,1.0,1.0,1.0,1.0,1.0,1.0,1.0,1.0,1.0,11.0,1.0,1.0,1.0,1.0,1.0
76472cd61701bcfef12f0e56ae4a2245,1.0,1.0,1.0,1.0,1.0,1.0,1.0,1.0,1.75,17.0,1.0,1.0,1.0,1.0,16.0,1.0,1.0,1.0,1.0,1.0
78d5bec93e496eda72366e86f5e87510,1.0,1.0,1.0,1.0,1.0,1.0,1.0,1.0,1.0,16.0,1.0,1.0,1.0,1.0,20.0,1.0,1.0,1.0,1.0,1.0
11b9d8def57dd070a73009b0ceb880f2,1.0,1.0,1.0,1.0,1.0,1.0,1.0,1.0,1.0,12.0,1.0,1.0,1.0,1.0,24.0,1.0,1.0,1.0,1.0,1.0
9309055fb48fd73d46b2d45aba41a9d4,1.0,1.0,1.0,1.0,1.0,1.0,1.0,1.0,1.0,15.0,1.0,1.0,1.0,1.0,21.0,1.0,1.0,1.0,1.0,1.0
30381a87fea10892a599ee3646be63d9,1.0,1.0,1.0,1.0,1.0,1.0,1.0,1.0,1.0,34.0,1.0,1.0,1.0,1.0,1.0,1.0,1.0,1.0,1.0,1.0
76bb7a957118121fe37d2fb7fa829ddd,1.0,1.0,1.0,1.0,1.0,1.0,1.0,1.0,1.0,15.0,1.0,1.0,1.0,1.0,20.0,1.0,1.0,1.0,1.0,1.0
f641fa693f791d7469b06d281bd82419,1.0,1.0,1.0,1.0,1.0,1.0,1.0,1.0,1.0,16.0,1.0,1.0,1.0,1.0,19.0,1.0,1.0,1.0,1.0,1.0
a574797d5460367c41422138e8682a46,1.0,1.0,1.0,1.0,1.0,1.0,1.0,1.0,1.0,1.0,1.0,1.0,1.0,1.0,34.0,1.0,1.0,1.0,1.0,1.0
2bccd406feb6509d7adc0f06af20eb39,1.0,1.0,1.0,1.0,33.0,1.0,1.0,1.0,1.0,1.0,1.0,1.0,1.0,1.0,1.0,1.0,1.0,1.0,1.0,1.0
26ea18de1fe1957806cb9710ec10c2e1,1.0,1.0,1.0,1.0,1.0,1.0,1.0,1.0,1.0,33.0,1.0,1.0,1.0,1.0,1.0,1.0,1.0,1.0,1.0,1.0
e7d53a77ec701e151c4ed6ef5e82e584,1.0,1.0,1.0,1.0,1.0,1.0,1.0,1.0,1.0,1.0,1.0,1.0,1.0,1.0,5.0,1.0,1.0,4.0,7.0,9.0
7d1da44fe5fa112c07659cca04ac5bfb,1.0,1.0,1.0,10.5,12.0,1.0,1.0,1.0,1.0,1.0,1.0,1.0,1.0,1.0,1.0,1.0,1.0,1.0,1.0,1.0
ad38606cf90edd7f60b60a9250dfa7b2,1.0,1.0,1.0,1.0,26.0,1.0,1.0,1.0,1.0,1.0,1.0,1.0,1.0,1.0,7.0,1.0,1.0,1.0,1.0,1.0
a7ee9f34d261114ca9a7e1dcbb871a11,1.0,1.0,1.0,1.0,1.0,1.0,1.0,1.0,2.25,12.0,1.0,1.0,1.0,5.0,7.0,1.0,1.0,1.0,1.0,1.0
3c9ba9bac47d37ac83072ab5736d52b7,1.0,1.0,1.0,1.0,1.0,1.0,1.0,1.0,3.0,18.0,1.0,1.0,1.0,1.0,3.0,1.0,1.0,1.0,1.0,3.0
3bf689535665774af93be9b84244fdf2,1.0,1.0,1.0,1.0,1.0,1.0,1.0,1.0,4.5,18.0,1.0,1.0,1.0,1.0,1.0,1.0,1.0,1.0,1.0,1.0
96334d1ffaa05b0d305e6f4de644971a,1.0,1.0,1.0,1.0,1.0,1.0,1.0,1.0,1.0,15.0,1.0,1.0,1.0,1.0,18.0,1.0,1.0,1.0,1.0,1.0
3c65649e78d03870d3d9c3e87a4dac89,1.0,1.0,1.0,1.0,1.0,1.0,1.0,1.0,1.0,32.0,1.0,1.0,1.0,1.0,1.0,1.0,1.0,1.0,1.0,1.0
a9243f0d5d46677f6ca1a0086704faa8,1.0,1.0,1.0,1.0,1.0,1.0,1.0,1.0,1.0,1.0,1.0,1.0,1.0,1.0,32.0,1.0,1.0,1.0,1.0,1.0
76add0bef47730d3e02f0cb2e6372f84,1.0,1.0,1.0,10.25,12.0,1.0,1.0,1.0,1.0,1.0,1.0,1.0,1.0,1.0,1.0,1.0,1.0,1.0,1.0,1.0
9c4f85171779e4a3f46bb2f8826b1b4c,1.0,1.0,1.0,1.0,1.0,1.0,1.0,1.0,1.0,12.0,1.0,1.0,1.0,1.0,14.0,1.0,1.0,1.0,1.0,1.0
aa2319e8e8924b07ed2bd14528382b3c,1.0,1.0,1.0,1.0,1.0,1.0,1.0,1.0,1.0,31.0,1.0,1.0,1.0,1.0,1.0,1.0,1.0,1.0,1.0,1.0
b65c79c74a2594bc47a32b9e245d42df,1.0,1.0,1.0,1.0,1.0,1.0,1.0,1.0,1.0,20.0,1.0,1.0,1.0,1.0,12.0,1.0,1.0,1.0,1.0,1.0
f4dadab510b4b8636da78ffc84a82c0e,1.0,1.0,1.0,1.0,1.0,1.0,1.0,1.0,1.0,1.0,1.0,1.0,1.0,1.0,31.0,1.0,1.0,1.0,1.0,1.0
f4de59dae4d8da73a085927dc352257b,1.0,1.0,1.0,1.0,1.0,1.0,1.0,1.0,1.0,1.0,1.0,1.0,1.0,1.0,31.0,1.0,1.0,1.0,1.0,1.0
dbcf7fa30f14c5fc32fa2eeb849cd001,1.0,1.0,1.0,1.0,1.0,1.0,1.0,1.0,1.0,1.0,1.0,1.0,1.0,1.0,31.0,1.0,1.0,1.0,1.0,1.0
bc706d9e0828d1e0122bffd7eecf3846,1.0,1.0,1.0,1.0,1.0,1.0,1.0,1.0,2.0,26.0,1.0,1.0,1.0,1.0,1.0,1.0,1.0,1.0,1.0,1.0
5e79894207810214df568ac26f5f84c5,1.0,1.0,1.0,1.0,1.0,1.0,1.0,1.0,5.0,8.0,1.0,1.0,1.0,1.0,13.0,1.0,1.0,1.0,1.0,1.0
5cfeeb662c643e512cbfc724c984f53d,1.0,1.0,1.0,1.0,1.0,1.0,1.0,1.0,3.75,14.0,1.0,1.0,1.0,1.0,6.0,1.0,1.0,1.0,1.0,1.0
3800641a9bbe9e1b5fac3b8b407e003f,1.0,1.0,1.0,1.0,1.0,1.0,1.0,1.0,1.0,19.0,1.0,1.0,1.0,1.0,12.0,1.0,1.0,1.0,1.0,1.0
af986d6b5225035d332b23098401b736,1.0,1.0,1.0,1.0,1.0,1.0,1.0,1.0,1.0,18.0,1.0,1.0,1.0,1.0,13.0,1.0,1.0,1.0,1.0,1.0
8ea41924fb447cff86851b740f56d337,1.0,1.0,1.0,1.0,1.0,1.0,1.0,1.0,1.0,14.0,1.0,1.0,1.0,1.0,17.0,1.0,1.0,1.0,1.0,1.0
d0fc0eb386d1cf42b3a3cd3b17197027,1.0,1.0,1.0,1.0,1.0,1.0,1.0,1.0,1.0,1.0,1.0,1.0,1.0,1.0,30.0,1.0,1.0,1.0,1.0,1.0
18c36f19ba00cd00a2eb20527aa368ef,1.0,1.0,1.0,1.0,1.0,1.0,1.0,1.0,1.0,1.0,1.0,1.0,1.0,1.0,30.0,1.0,1.0,1.0,1.0,1.0
736bd8ef6286572fcfc8ccc6ffdd7dc6,1.0,1.0,1.0,7.5,15.0,1.0,1.0,1.0,1.0,1.0,1.0,1.0,1.0,1.0,1.0,1.0,1.0,1.0,1.0,1.0
b11ab469f992db51738706d2c2e2b554,1.0,1.0,1.0,3.75,18.0,1.0,1.0,1.0,1.0,1.0,1.0,1.0,1.0,1.0,1.0,1.0,1.0,1.0,1.0,1.0
d27d83a610560eb313e2cb54a9ee5e98,1.0,1.0,1.0,1.0,1.0,1.0,1.0,1.0,2.75,9.0,1.0,1.0,1.0,1.0,9.0,1.0,1.0,1.0,1.0,1.0
d6981b0dbb3cfacc397293636d21c0fa,1.0,1.0,1.0,1.0,1.0,1.0,1.0,1.0,1.0,29.0,1.0,1.0,1.0,1.0,1.0,1.0,1.0,1.0,1.0,1.0
11e3dfb0f665e0765e302710b7a29620,1.0,1.0,1.0,1.0,1.0,1.0,1.0,1.0,1.0,13.0,1.0,1.0,1.0,1.0,16.0,1.0,1.0,1.0,1.0,1.0
18a891e4c7fb210e56e894586729f407,1.0,1.0,1.0,1.0,1.0,1.0,1.0,1.0,3.0,13.0,1.0,1.0,1.0,1.0,8.0,1.0,1.0,1.0,1.0,1.0
43905ed446d13c5232e38ca5ac41f140,1.0,1.0,1.0,1.0,1.0,1.0,1.0,1.0,1.0,28.0,1.0,1.0,1.0,1.0,1.0,1.0,1.0,1.0,1.0,1.0
8202499ef34930244b5fbbc2cab31d56,1.0,1.0,1.0,1.0,1.0,1.0,1.0,1.0,1.0,20.0,1.0,1.0,1.0,1.0,9.0,1.0,1.0,1.0,1.0,1.0
9f7d685f9a9a9b6de7506e368b9e153d,1.0,1.0,1.0,1.0,1.0,1.0,1.0,1.0,1.0,28.0,1.0,1.0,1.0,1.0,1.0,1.0,1.0,1.0,1.0,1.0
7f9b32cb910929045a9ff3070e9a38b1,1.0,1.0,1.0,1.0,1.0,1.0,1.0,1.0,1.0,1.0,1.0,1.0,1.0,1.0,28.0,1.0,1.0,1.0,1.0,1.0
7374bbc35a664e64873ac9fa061a7ad0,1.0,1.0,1.0,1.0,1.0,1.0,1.0,1.0,1.0,15.0,1.0,1.0,1.0,1.0,13.0,1.0,1.0,1.0,1.0,1.0
be03f9d9198aaba7ae4673852f14fb73,1.0,1.0,1.0,1.0,1.0,1.0,1.0,1.0,1.0,17.0,1.0,1.0,1.0,1.0,11.0,1.0,1.0,1.0,1.0,1.0
406f87ad5a12b027e8ed398a9cfe82f7,1.0,1.0,1.0,1.0,1.0,1.0,1.0,1.0,1.0,27.0,1.0,1.0,1.0,1.0,1.0,1.0,1.0,1.0,1.0,1.0
4eb401f3f180c65e024c2d5628c8db44,1.0,1.0,1.0,1.0,1.0,1.0,1.0,1.0,1.0,9.0,1.0,1.0,1.0,1.0,13.0,1.0,1.0,1.0,1.0,1.0
07271b3c589c4f59456d069ef5cf64aa,1.0,1.0,1.0,1.0,1.0,1.0,1.0,1.0,1.0,18.0,1.0,1.0,1.0,1.0,10.0,1.0,1.0,1.0,1.0,1.0
6b8133e2739584942a9c0d64b519488b,1.0,1.0,1.0,1.0,1.0,1.0,1.0,1.0,1.75,12.0,1.0,1.0,1.0,1.0,10.0,1.0,1.0,1.0,1.0,1.0
8dde0c76da59d1558a9a124c2f895797,1.0,1.0,1.0,1.0,1.0,1.0,1.0,1.0,2.0,22.0,1.0,1.0,1.0,1.0,1.0,1.0,1.0,1.0,1.0,1.0
41e05e932e062a16a5b7bb162b86a5a6,1.0,1.0,1.0,1.0,1.0,1.0,1.0,1.0,1.0,26.0,1.0,1.0,1.0,1.0,1.0,1.0,1.0,1.0,1.0,1.0
667f039061ef0749c8174da1384ff1a1,1.0,1.0,1.0,1.0,1.0,1.0,1.0,1.0,1.0,13.0,1.0,1.0,1.0,1.0,14.0,1.0,1.0,1.0,1.0,1.0
9191ed06b4437ff154e0849f341cd11d,1.0,1.0,1.0,2.0,21.0,1.0,1.0,1.0,1.0,1.0,1.0,1.0,1.0,1.0,1.0,1.0,1.0,1.0,1.0,1.0
caefa044f38f2cc4b429f02628c72243,1.0,1.0,1.0,3.5,15.0,1.0,1.0,1.0,1.0,1.0,1.0,1.0,1.0,1.0,1.0,1.0,1.0,1.0,1.0,1.0
3f069dbca2f00a6468e7c2a1a845654a,1.0,1.0,1.0,1.0,25.0,1.0,1.0,1.0,1.0,1.0,1.0,1.0,1.0,1.0,1.0,1.0,1.0,1.0,1.0,1.0
81bb39aebcbbe70925ac0f5ac3fff0f5,1.0,1.0,1.0,1.0,1.0,1.0,1.0,1.0,1.0,25.0,1.0,1.0,1.0,1.0,1.0,1.0,1.0,1.0,1.0,1.0
722c09a6852383dbb474662328a89b80,1.0,1.0,1.0,1.0,1.0,1.0,1.0,1.0,1.0,25.0,1.0,1.0,1.0,1.0,1.0,1.0,1.0,1.0,1.0,1.0
732dd9795cdb920125f4eda2e412e84f,1.0,1.0,1.0,1.0,1.0,1.0,1.0,1.0,1.0,16.0,1.0,1.0,1.0,1.0,10.0,1.0,1.0,1.0,1.0,1.0
372ee5fa8367d5632ed3b8ba0c8becfc,1.0,1.0,1.0,1.0,1.0,1.0,1.0,1.0,1.0,25.0,1.0,1.0,1.0,1.0,1.0,1.0,1.0,1.0,1.0,1.0
317faf40ab70262d43978ca7d1f1509c,1.0,1.0,1.0,1.0,1.0,1.0,1.0,1.0,1.0,25.0,1.0,1.0,1.0,1.0,1.0,1.0,1.0,1.0,1.0,1.0
87b5b6e45377adad1a530d47dc64cd5b,1.0,1.0,1.0,1.0,24.0,1.0,1.0,1.0,1.0,1.0,1.0,1.0,1.0,1.0,1.0,1.0,1.0,1.0,1.0,1.0
bc463e566d8e2991814f58f7a90dea13,1.0,1.0,1.0,1.0,1.0,1.0,1.0,1.0,2.25,10.0,1.0,1.0,1.0,1.0,8.0,1.0,1.0,1.0,1.0,3.0
2776fcb40bfbc8fb8a3cef3f3f0a803f,1.0,1.0,1.0,1.0,1.0,1.0,1.0,1.0,1.0,15.0,1.0,1.0,1.0,1.0,10.0,1.0,1.0,1.0,1.0,1.0
7039a10db9c3f6d8bfb9f0a2db507490,1.0,1.0,1.0,1.0,1.0,1.0,1.0,1.0,1.0,24.0,1.0,1.0,1.0,1.0,1.0,1.0,1.0,1.0,1.0,1.0
3fa3154d65e7587b9a145db38dcb856b,1.0,1.0,1.0,1.0,1.0,1.0,1.0,1.0,1.0,24.0,1.0,1.0,1.0,1.0,1.0,1.0,1.0,1.0,1.0,1.0
5556a77f536203b7934fe2730d93b18f,1.0,1.0,1.0,1.0,1.0,1.0,1.0,1.0,1.0,8.0,1.0,1.0,1.0,1.0,17.0,1.0,1.0,1.0,1.0,1.0
58bf5404ab56c6adc344f5648cf07a6c,1.0,1.0,1.0,1.0,1.0,1.0,1.0,1.0,1.0,1.0,1.0,1.0,1.0,1.0,24.0,1.0,1.0,1.0,1.0,1.0
0023879846315b5eea4cc545513fb264,1.0,1.0,1.0,1.0,1.0,1.0,1.0,1.0,1.0,1.0,1.0,1.0,1.0,1.0,24.0,1.0,1.0,1.0,1.0,1.0
cc49c5023531c4351d5e6911528cf7c2,1.0,1.0,1.0,1.0,1.0,1.0,1.0,1.0,1.0,23.0,1.0,1.0,1.0,1.0,1.0,1.0,1.0,1.0,1.0,1.0
195ac945e1848eae2fd1679748b96533,1.0,1.0,1.0,1.0,1.0,1.0,1.0,1.0,1.0,23.0,1.0,1.0,1.0,1.0,1.0,1.0,1.0,1.0,1.0,1.0
bee3a8a40699867d927ec086b3501336,1.0,1.0,1.0,1.0,1.0,1.0,1.0,1.0,1.0,23.0,1.0,1.0,1.0,1.0,1.0,1.0,1.0,1.0,1.0,1.0
af2f6ea96ee82ab6364ffcf67ad84dcd,1.0,1.0,1.0,1.0,1.0,1.0,1.0,1.0,1.0,1.0,1.0,1.0,1.0,1.0,23.0,1.0,1.0,1.0,1.0,1.0
522a47e9eb9e3f738ee4f9dafc4aac52,1.0,1.0,1.0,1.0,1.0,1.0,1.0,1.0,1.0,1.0,1.0,1.0,1.0,1.0,23.0,1.0,1.0,1.0,1.0,1.0
febfb1dd6e41fa9b7e36989fa227961c,1.0,1.0,1.0,1.0,1.0,1.0,1.0,1.0,1.0,1.0,1.0,1.0,1.0,1.0,23.0,1.0,1.0,1.0,1.0,1.0
1868380ab536395f499946cf0e11a7e6,1.0,1.0,1.0,1.0,1.0,1.0,1.0,1.0,1.0,1.0,1.0,1.0,1.0,1.0,23.0,1.0,1.0,1.0,1.0,1.0
e95a8d564439edf1ae05704706c6eaea,1.0,1.0,1.0,1.0,1.0,1.0,1.0,1.0,1.0,8.0,1.0,1.0,1.0,4.0,7.0,1.0,1.0,1.0,1.0,1.0
19e0bb2b8eeec409116533b068261cc3,1.0,1.0,1.0,1.0,1.0,1.0,1.0,1.0,1.0,13.0,1.0,1.0,1.0,1.0,10.0,1.0,1.0,1.0,1.0,1.0
1c0e4bbbe4b9e35ab47d7cb0ed9bc2cb,1.0,1.0,1.0,1.0,8.0,1.0,1.0,1.0,1.0,1.0,1.0,1.0,1.0,1.0,11.0,1.0,1.0,1.0,1.0,1.0
f2375f50fed35872157892f72747cb3e,1.0,1.0,1.0,1.0,1.0,1.0,1.0,1.0,1.0,14.0,1.0,1.0,1.0,1.0,8.0,1.0,1.0,1.0,1.0,1.0
31475666c6bcfbb69bf392e9bdbe0335,1.0,1.0,1.0,1.0,1.0,1.0,1.0,1.0,1.0,7.0,1.0,1.0,1.0,1.0,11.0,1.0,1.0,1.0,1.0,1.0
45751685b2d300d16bb702f953e0e5a5,1.0,1.0,1.0,1.0,1.0,1.0,1.0,1.0,1.0,21.0,1.0,1.0,1.0,1.0,1.0,1.0,1.0,1.0,1.0,1.0
fa1d43fc2ca29b094513673a68e66777,1.0,1.0,1.0,1.0,1.0,1.0,1.0,1.0,1.0,10.0,1.0,1.0,1.0,1.0,12.0,1.0,1.0,1.0,1.0,1.0
00ab9bd631ca3a99f0ff659dd68515ca,1.0,1.0,1.0,1.0,1.0,1.0,1.0,1.0,1.0,1.0,1.0,1.0,1.0,1.0,21.0,1.0,1.0,1.0,1.0,1.0
c8f169122003beb886eebc5fddc11744,1.0,1.0,1.0,1.0,1.0,1.0,1.0,1.0,1.0,1.0,1.0,1.0,1.0,1.0,21.0,1.0,1.0,1.0,1.0,1.0
a0b3276589c3fee06f92206eefd53d83,1.0,1.0,1.0,1.0,1.0,1.0,1.0,1.0,1.0,1.0,1.0,1.0,1.0,1.0,21.0,1.0,1.0,1.0,1.0,1.0
7e710fff1855cb30fb513e4d6ccef86f,1.0,1.0,3.0,5.0,8.0,1.0,1.0,1.0,1.0,1.0,1.0,1.0,1.0,1.0,1.0,1.0,1.0,1.0,1.0,1.0
c638a78482dc8a89f87f63d5f07f4cfb,1.0,1.0,1.0,1.0,1.0,1.0,1.0,1.0,1.0,20.0,1.0,1.0,1.0,1.0,1.0,1.0,1.0,1.0,1.0,1.0
6d4ba17bc1fca6849e8724b75806f985,1.0,1.0,1.0,1.0,1.0,1.0,1.0,1.0,1.75,5.0,1.0,1.0,1.0,1.0,7.0,1.0,1.0,1.0,1.0,1.0
12d0df0e28d55e74e5b607019e377daa,1.0,1.0,1.0,1.0,1.0,1.0,1.0,1.0,1.0,11.0,1.0,1.0,1.0,1.0,7.0,1.0,1.0,1.0,1.0,1.0
db9757397a38f9ff1fd438d8ed238117,1.0,1.0,1.0,1.0,1.0,1.0,1.0,1.0,1.0,20.0,1.0,1.0,1.0,1.0,1.0,1.0,1.0,1.0,1.0,1.0
101b0d41bb7dbdf5409bd3fb5fc048f1,1.0,1.0,1.0,1.0,1.0,1.0,1.0,1.0,1.0,20.0,1.0,1.0,1.0,1.0,1.0,1.0,1.0,1.0,1.0,1.0
3995e7829b778d46c08a8259c281ffd7,1.0,1.0,1.0,1.0,1.0,1.0,1.0,1.0,1.0,20.0,1.0,1.0,1.0,1.0,1.0,1.0,1.0,1.0,1.0,1.0
6394aa3b5c15928ccbf0c94d7b4ce958,1.0,1.0,1.0,1.0,1.0,1.0,1.0,1.0,1.0,9.0,1.0,1.0,1.0,1.0,12.0,1.0,1.0,1.0,1.0,1.0
3808ca6976d1489469cfed44d071f866,1.0,1.0,1.0,1.0,1.0,1.0,1.0,1.0,1.0,1.0,1.0,1.0,1.0,1.0,20.0,1.0,1.0,1.0,1.0,1.0
6bad5f0f2484248490b4c83c6c96e2c1,1.0,1.0,1.0,1.0,1.0,1.0,1.0,1.0,1.0,1.0,1.0,1.0,1.0,1.0,1.0,1.0,1.0,1.0,1.0,15.0
2cca67080dd4614d6f6b3d4916007370,1.0,1.0,1.0,1.0,9.0,1.0,1.0,1.0,1.0,3.0,1.0,1.0,1.0,1.0,9.0,1.0,1.0,1.0,1.0,1.0
9e96b0bba7ade31b649af449ef1ac509,1.0,1.0,1.0,3.0,11.0,1.0,1.0,1.0,1.0,1.0,1.0,1.0,1.0,1.0,1.0,1.0,1.0,1.0,1.0,1.0
2bff9c99198b292a501b8a1cfea32c51,1.0,1.0,1.0,1.0,1.0,1.0,1.0,1.0,1.0,19.0,1.0,1.0,1.0,1.0,1.0,1.0,1.0,1.0,1.0,1.0
d59d8d719f32b85e271fe88daa768322,1.0,1.0,1.0,1.0,1.0,1.0,1.0,1.0,2.0,15.0,1.0,1.0,1.0,1.0,1.0,1.0,1.0,1.0,1.0,1.0
c2768d68400999b9333bda3edbad99f9,1.0,1.0,1.0,1.0,1.0,1.0,1.0,1.0,1.0,19.0,1.0,1.0,1.0,1.0,1.0,1.0,1.0,1.0,1.0,1.0
ff2f2d6e3bb3af1420c7ea115061521e,1.0,1.0,1.0,1.0,1.0,1.0,1.0,1.0,1.0,5.0,1.0,1.0,1.0,1.0,11.0,1.0,1.0,1.0,1.0,1.0
8e174bdad56d6816ac0371f3bf207866,1.0,1.0,1.0,1.0,1.0,1.0,1.0,1.0,1.0,19.0,1.0,1.0,1.0,1.0,1.0,1.0,1.0,1.0,1.0,1.0
ec19528bf13b9e6fa32cc2febf028e0b,1.0,1.0,1.0,1.0,1.0,1.0,1.0,1.0,1.0,19.0,1.0,1.0,1.0,1.0,1.0,1.0,1.0,1.0,1.0,1.0
ae6cc77a6a2caed8c1940b972a5d1274,1.0,1.0,1.0,1.0,1.0,1.0,1.0,1.0,1.0,7.0,1.0,1.0,1.0,1.0,13.0,1.0,1.0,1.0,1.0,1.0
537a3910f0803f854b8c104a67622b35,1.0,1.0,1.0,1.0,1.0,1.0,1.0,1.0,1.0,8.0,1.0,1.0,1.0,1.0,12.0,1.0,1.0,1.0,1.0,1.0
ec707b2f8728c9adf2afb9712466ac1d,1.0,1.0,1.0,1.0,1.0,1.0,1.0,1.0,1.0,1.0,1.0,1.0,1.0,1.0,19.0,1.0,1.0,1.0,1.0,1.0
78dc976512f8275a07589ef752446e61,1.0,1.0,1.0,1.0,1.0,1.0,1.0,1.0,1.0,1.0,1.0,1.0,1.0,1.0,19.0,1.0,1.0,1.0,1.0,1.0
a38c6cc6a3196e5273e0f039929d4546,1.0,1.0,1.0,1.0,1.0,1.0,1.0,1.0,1.0,1.0,1.0,1.0,1.0,1.0,19.0,1.0,1.0,1.0,1.0,1.0
e4cb17f0962d3e261f0e939065e5a74c,1.0,1.0,1.0,2.75,11.0,1.0,1.0,1.0,1.0,1.0,1.0,1.0,1.0,1.0,1.0,1.0,1.0,1.0,1.0,1.0
b12577649c592feaaa4c1b005598600f,1.0,1.0,1.0,1.0,1.0,1.0,1.0,1.0,1.0,4.0,1.0,1.0,1.0,3.0,11.0,1.0,1.0,1.0,1.0,1.0
6b136e42033b9d109790506602a9941b,1.0,1.0,1.0,1.0,1.0,1.0,1.0,1.0,1.0,18.0,1.0,1.0,1.0,1.0,1.0,1.0,1.0,1.0,1.0,1.0
26afb8efbdcef0cd500ca16ddfcb877e,1.0,1.0,1.0,1.0,1.0,1.0,1.0,1.0,1.0,11.0,1.0,1.0,1.0,1.0,8.0,1.0,1.0,1.0,1.0,1.0
5dd38f0eea6a6543729c5f272bf505c0,1.0,1.0,1.0,1.0,1.0,1.0,1.0,1.0,1.0,9.0,1.0,1.0,1.0,1.0,10.0,1.0,1.0,1.0,1.0,1.0
9086b79bd192bb1aeb516d9a7c3d6601,1.0,1.0,1.0,1.0,1.0,1.0,1.0,1.0,1.0,18.0,1.0,1.0,1.0,1.0,1.0,1.0,1.0,1.0,1.0,1.0
f9c75120d69a052ae548618c821b791f,1.0,1.0,1.0,1.0,1.0,1.0,1.0,1.0,1.0,1.0,1.0,1.0,1.0,1.0,10.0,1.0,1.0,1.0,1.0,1.0
eb612e768623d94aa7642796580db32d,1.0,1.0,1.0,1.0,1.0,1.0,1.0,1.0,1.0,1.0,1.0,1.0,1.0,1.0,18.0,1.0,1.0,1.0,1.0,1.0
7f66ececaf0af79f26c4501bf616c44e,1.0,1.0,1.0,1.0,1.0,1.0,1.0,1.0,1.0,1.0,1.0,1.0,1.0,1.0,18.0,1.0,1.0,1.0,1.0,1.0
2e2c03d753833dc2d294b5fb0bd94b95,1.0,1.0,1.0,1.0,1.0,1.0,1.0,1.0,1.0,1.0,1.0,1.0,1.0,1.0,18.0,1.0,1.0,1.0,1.0,1.0
f4f942449be059bb513fe7284d41331f,1.0,1.0,1.0,1.0,1.0,1.0,1.0,1.0,1.0,1.0,1.0,1.0,1.0,1.0,18.0,1.0,1.0,1.0,1.0,1.0
d6017a30236d01b721be405b848578d9,1.0,1.0,1.0,1.0,17.0,1.0,1.0,1.0,1.0,1.0,1.0,1.0,1.0,1.0,1.0,1.0,1.0,1.0,1.0,1.0
f93fb9b8e3a5a70d6ff156dd3423a5b3,1.0,1.0,1.0,1.0,17.0,1.0,1.0,1.0,1.0,1.0,1.0,1.0,1.0,1.0,1.0,1.0,1.0,1.0,1.0,1.0
4b40686b5ae2582331709511ba57af9e,1.0,1.0,1.0,1.0,17.0,1.0,1.0,1.0,1.0,1.0,1.0,1.0,1.0,1.0,1.0,1.0,1.0,1.0,1.0,1.0
43fca2e6a71a0e823dddd8ffa5faf790,1.0,1.0,1.0,1.0,1.0,1.0,1.0,1.0,1.0,9.0,1.0,1.0,1.0,1.0,9.0,1.0,1.0,1.0,1.0,1.0
2905a0b674bd794b6348b3eadaae7ec3,1.0,1.0,1.0,1.0,1.0,1.0,1.0,1.0,1.0,17.0,1.0,1.0,1.0,1.0,1.0,1.0,1.0,1.0,1.0,1.0
1f6bf2e065826cc7be04f15c2f8130cd,1.0,1.0,1.0,1.0,1.0,1.0,1.0,1.0,1.0,12.0,1.0,1.0,1.0,1.0,6.0,1.0,1.0,1.0,1.0,1.0
923201284d797cb415b36316d890c62a,1.0,1.0,1.0,1.0,1.0,1.0,1.0,1.0,1.0,13.0,1.0,1.0,1.0,1.0,1.0,1.0,1.0,1.0,1.0,5.0
8b7b8660512b0ea5f368b012c4567205,1.0,1.0,1.0,1.0,1.0,1.0,1.0,1.0,1.0,1.0,1.0,1.0,1.0,1.0,17.0,1.0,1.0,1.0,1.0,1.0
21a07a155bd125d1e64553d959f98a18,1.0,1.0,1.0,1.0,1.0,1.0,1.0,1.0,1.0,1.0,1.0,1.0,1.0,1.0,17.0,1.0,1.0,1.0,1.0,1.0
95cfad9649a989ed97eaaf0fa426b148,1.0,1.0,1.0,1.0,16.0,1.0,1.0,1.0,1.0,1.0,1.0,1.0,1.0,1.0,1.0,1.0,1.0,1.0,1.0,1.0
1636716ff47387947956b2b9302bb7c8,1.0,1.0,1.0,1.0,1.0,1.0,1.0,1.0,1.0,13.0,1.0,1.0,1.0,1.0,4.0,1.0,1.0,1.0,1.0,1.0
aa25d95b5248ff24cf02de3a0771b8d7,1.0,1.0,1.0,1.0,1.0,1.0,1.0,1.0,1.0,16.0,1.0,1.0,1.0,1.0,1.0,1.0,1.0,1.0,1.0,1.0
136dfe7cb0311b2350dba91f09bdcf49,1.0,1.0,1.0,1.0,1.0,1.0,1.0,1.0,1.0,5.0,1.0,1.0,1.0,1.0,12.0,1.0,1.0,1.0,1.0,1.0
c6148de98c01ac65ce4fd91ca8ee242d,1.0,1.0,1.0,1.0,1.0,1.0,1.0,1.0,1.0,1.0,1.0,1.0,1.0,1.0,13.0,1.0,1.0,1.0,1.0,1.0
8db1a0cb36a68ed4c46b9825bad0e736,1.0,1.0,1.0,1.0,1.0,1.0,1.0,1.0,1.0,1.0,1.0,1.0,1.0,1.0,16.0,1.0,1.0,1.0,1.0,1.0
5a92f14af62010872abe58ba2ed810c9,1.0,1.0,1.0,1.0,1.0,1.0,1.0,1.0,1.0,1.0,1.0,1.0,1.0,1.0,16.0,1.0,1.0,1.0,1.0,1.0
3873f16d08fbf36e81e6b5c2503f7dab,1.0,1.0,1.0,1.0,1.0,1.0,1.0,1.0,1.0,1.0,1.0,1.0,1.0,1.0,16.0,1.0,1.0,1.0,1.0,1.0
f4ded15fd57bb78aab601da5c4b410a3,1.0,1.0,1.0,1.0,1.0,1.0,1.0,1.0,1.0,1.0,1.0,1.0,1.0,1.0,16.0,1.0,1.0,1.0,1.0,1.0
3978168debba30d82b382986ad1dcfc1,1.0,1.0,1.0,1.0,1.0,1.0,1.0,1.0,1.0,1.0,1.0,1.0,1.0,1.0,16.0,1.0,1.0,1.0,1.0,1.0
293225b67bf41ecb9c7d5a19632c1978,1.0,1.0,1.0,1.0,7.0,1.0,1.0,1.0,1.0,1.0,1.0,1.0,1.0,1.0,9.0,1.0,1.0,1.0,1.0,1.0
8a186724eb53bb0b7c71f7a016404617,1.0,1.0,1.0,1.0,4.0,1.0,1.0,1.0,1.0,1.0,1.0,1.0,1.0,1.0,12.0,1.0,1.0,1.0,1.0,1.0
ebfee62112896b9259d08d9becfc1a15,1.0,1.0,1.0,1.0,1.0,1.0,1.0,1.0,1.0,15.0,1.0,1.0,1.0,1.0,1.0,1.0,1.0,1.0,1.0,1.0
e1777a492a7aed57bc36a99537b1b19a,1.0,1.0,1.0,1.0,1.0,1.0,1.0,1.0,2.5,9.0,1.0,1.0,1.0,1.0,1.0,1.0,1.0,1.0,1.0,1.0
d02df277f68ebd94dd1877d2c2eb9f7a,1.0,1.0,1.0,1.0,1.0,1.0,1.0,1.0,1.0,15.0,1.0,1.0,1.0,1.0,1.0,1.0,1.0,1.0,1.0,1.0
c53e6505b8b27353d7198e5f547c1102,1.0,1.0,1.0,1.0,1.0,1.0,1.0,1.0,2.75,8.0,1.0,1.0,1.0,1.0,1.0,1.0,1.0,1.0,1.0,1.0
ed83ffd9d61470a38db94acfe7393149,1.0,1.0,1.0,1.0,1.0,1.0,1.0,1.0,1.0,15.0,1.0,1.0,1.0,1.0,1.0,1.0,1.0,1.0,1.0,1.0
595c971ecf2347150ac8b1138a2e5fa2,1.0,1.0,1.0,1.0,1.0,1.0,1.0,1.0,1.5,5.0,1.0,1.0,1.0,1.0,1.0,1.0,1.0,1.0,1.0,9.0
db86f78b0ad6ce6d25c26ed2ab604027,1.0,1.0,1.0,1.0,1.0,1.0,1.0,1.0,1.0,1.0,1.0,1.0,1.0,1.0,15.0,1.0,1.0,1.0,1.0,1.0
769146cf9856ea302c2edc27a8063f30,1.0,1.0,1.0,1.0,1.0,1.0,1.0,1.0,1.0,1.0,1.0,1.0,1.0,1.0,15.0,1.0,1.0,1.0,1.0,1.0
0062cb1703222371ca8dba17a77f9c18,1.0,1.0,1.0,1.0,1.0,1.0,1.0,1.0,1.0,1.0,1.0,1.0,1.0,1.0,10.0,1.0,1.0,1.0,1.0,1.0
83bb46dbca206d16918bce694901eae6,1.0,1.0,1.0,1.0,1.0,1.0,1.0,1.0,1.0,1.0,1.0,1.0,1.0,1.0,15.0,1.0,1.0,1.0,1.0,1.0
fa05871f1c1a14d50f5cd8f091b07c65,1.0,1.0,1.0,1.0,1.0,1.0,1.0,1.0,1.0,1.0,1.0,1.0,1.0,1.0,15.0,1.0,1.0,1.0,1.0,1.0
c2df73bc7f4945ed61fe522eff878eac,1.0,1.0,1.0,1.0,1.0,1.0,1.0,1.0,1.0,1.0,1.0,1.0,1.0,1.0,15.0,1.0,1.0,1.0,1.0,1.0
71a90e24cf6bf714021d7a032b6d8990,1.0,1.0,1.0,1.0,1.0,1.0,1.0,1.0,1.0,1.0,1.0,1.0,1.0,1.0,15.0,1.0,1.0,1.0,1.0,1.0
1522b4481c377d6ed3ea3dc04a4f66db,1.0,1.0,1.0,1.0,8.0,1.0,1.0,1.0,1.0,7.0,1.0,1.0,1.0,1.0,1.0,1.0,1.0,1.0,1.0,1.0
0687749bbf24a9f2994e29208495cd58,1.0,1.0,1.0,1.0,14.0,1.0,1.0,1.0,1.0,1.0,1.0,1.0,1.0,1.0,1.0,1.0,1.0,1.0,1.0,1.0
c48ecdca55232781fb34640c7989254d,1.0,1.0,1.0,2.5,8.0,1.0,1.0,1.0,1.0,1.0,1.0,1.0,1.0,1.0,1.0,1.0,1.0,1.0,1.0,1.0
15f16e9aaa3d99950e805f728b6b3f53,1.0,1.0,1.0,1.0,14.0,1.0,1.0,1.0,1.0,1.0,1.0,1.0,1.0,1.0,1.0,1.0,1.0,1.0,1.0,1.0
41d223a96f3f474c88b40d1189cd90a6,1.0,1.0,1.0,1.0,1.0,1.0,1.0,1.0,1.0,14.0,1.0,1.0,1.0,1.0,1.0,1.0,1.0,1.0,1.0,1.0
b9cc3a5f8cafd4ffdab434d5c2932a7d,1.0,1.0,1.0,1.0,1.0,1.0,1.0,1.0,1.0,14.0,1.0,1.0,1.0,1.0,1.0,1.0,1.0,1.0,1.0,1.0
f745e79eccb68f755a3c2421d32a48fc,1.0,1.0,1.0,1.0,1.0,1.0,1.0,1.0,1.0,1.0,1.0,1.0,1.0,1.0,14.0,1.0,1.0,1.0,1.0,1.0
5c87aa4bf8cf151a9c4ce8ddccafab18,1.0,1.0,1.0,1.0,1.0,1.0,1.0,1.0,1.0,1.0,1.0,1.0,1.0,1.0,14.0,1.0,1.0,1.0,1.0,1.0
714b6e04d5311e2327462da28831d836,1.0,1.0,1.0,1.0,13.0,1.0,1.0,1.0,1.0,1.0,1.0,1.0,1.0,1.0,1.0,1.0,1.0,1.0,1.0,1.0
734e7a82552c14e63e2283036fb50dd5,1.0,1.0,1.0,1.0,1.0,1.0,1.0,1.0,4.25,6.0,1.0,1.0,1.0,1.0,1.0,1.0,1.0,1.0,1.0,1.0
9d4ff707e24173610a7c1e1ad80bba41,1.0,1.0,1.0,1.0,1.0,1.0,1.0,1.0,2.25,8.0,1.0,1.0,1.0,1.0,1.0,1.0,1.0,1.0,1.0,1.0
d86c837cca53600b65c0293c6e52cc9e,1.0,1.0,1.0,1.0,1.0,1.0,1.0,1.0,1.0,13.0,1.0,1.0,1.0,1.0,1.0,1.0,1.0,1.0,1.0,1.0
7c2cdbf3272ce559124cb83c8cdd325a,1.0,1.0,1.0,1.0,1.0,1.0,1.0,1.0,1.0,13.0,1.0,1.0,1.0,1.0,1.0,1.0,1.0,1.0,1.0,1.0
4415a64d748a0018388e779b17642d6d,1.0,1.0,1.0,1.0,1.0,1.0,1.0,1.0,1.0,5.0,1.0,1.0,1.0,1.0,9.0,1.0,1.0,1.0,1.0,1.0
3064033c8caa5865e38cfe738ad6ecd3,1.0,1.0,1.0,1.0,1.0,1.0,1.0,1.0,1.0,5.0,1.0,1.0,1.0,1.0,9.0,1.0,1.0,1.0,1.0,1.0
9709ca509844337d6d7004a6e3257356,1.0,1.0,1.0,1.0,1.0,1.0,1.0,1.0,1.0,9.0,1.0,1.0,1.0,1.0,5.0,1.0,1.0,1.0,1.0,1.0
255578f5d3aaea3d0f2c04461d100af5,1.0,1.0,1.0,1.0,1.0,1.0,1.0,1.0,1.0,13.0,1.0,1.0,1.0,1.0,1.0,1.0,1.0,1.0,1.0,1.0
2f348d84947624f33dab030c8a9f1ba6,1.0,1.0,1.0,1.0,1.0,1.0,1.0,1.0,1.0,1.0,1.0,1.0,1.0,1.0,13.0,1.0,1.0,1.0,1.0,1.0
c8fe45aa50559d66cdd21c26e1796a91,1.0,1.0,1.0,1.0,1.0,1.0,1.0,1.0,1.0,1.0,1.0,1.0,1.0,1.0,13.0,1.0,1.0,1.0,1.0,1.0
8b3a84de5ee8f40aa4350c850bf5172f,1.0,1.0,1.0,1.0,1.0,1.0,1.0,1.0,1.0,1.0,1.0,1.0,1.0,1.0,6.0,1.0,1.0,1.0,1.0,4.0
e29549de575b6db7ab2d53dc99099ade,1.0,1.0,1.0,1.0,1.0,1.0,1.0,1.0,1.0,1.0,1.0,1.0,1.0,1.0,13.0,1.0,1.0,1.0,1.0,1.0
fdb7f3c00d2654ea0d3f8afcd3c19024,1.0,1.0,1.0,1.0,1.0,1.0,1.0,1.0,1.0,1.0,1.0,1.0,1.0,1.0,1.0,1.0,1.0,1.0,1.0,8.0
023b3c4fdca226c8c550ce3e8588e38d,1.0,1.0,1.0,1.0,12.0,1.0,1.0,1.0,1.0,1.0,1.0,1.0,1.0,1.0,1.0,1.0,1.0,1.0,1.0,1.0
b500523fa36120d786c7eb20bb3b35dc,1.0,1.0,1.0,2.25,7.0,1.0,1.0,1.0,1.0,1.0,1.0,1.0,1.0,1.0,1.0,1.0,1.0,1.0,1.0,1.0
1038919eb7316d79aa2183c155a5a710,1.0,1.0,1.0,1.0,1.0,1.0,1.0,1.0,1.0,12.0,1.0,1.0,1.0,1.0,1.0,1.0,1.0,1.0,1.0,1.0
f46fcb874272f9da70f3bf9b15abbcae,1.0,1.0,1.0,1.0,1.0,1.0,1.0,1.0,1.0,12.0,1.0,1.0,1.0,1.0,1.0,1.0,1.0,1.0,1.0,1.0
eac50f40834d622d46bac83cf5a63e95,1.0,1.0,1.0,1.0,1.0,1.0,1.0,1.0,1.75,7.0,1.0,1.0,1.0,1.0,3.0,1.0,1.0,1.0,1.0,1.0
16bbb2317c1cdb1b205f2e6a23d7d5a9,1.0,1.0,1.0,1.0,1.0,1.0,1.0,1.0,1.0,12.0,1.0,1.0,1.0,1.0,1.0,1.0,1.0,1.0,1.0,1.0
015c28df930bfa6762eace1a48dc3871,1.0,1.0,1.0,1.0,1.0,1.0,1.0,1.0,1.0,5.0,1.0,1.0,1.0,1.0,8.0,1.0,1.0,1.0,1.0,1.0
9de82bfffdf99e086068f4b5767fd302,1.0,1.0,1.0,1.0,1.0,1.0,1.0,1.0,1.0,12.0,1.0,1.0,1.0,1.0,1.0,1.0,1.0,1.0,1.0,1.0
cc0781f4caebce7fb5f6587a57c97ddc,1.0,1.0,1.0,1.0,1.0,1.0,1.0,1.0,1.0,12.0,1.0,1.0,1.0,1.0,1.0,1.0,1.0,1.0,1.0,1.0
dc9e0c4f994d94f3863578b34f79ae41,1.0,1.0,1.0,1.0,1.0,1.0,1.0,1.0,1.0,12.0,1.0,1.0,1.0,1.0,1.0,1.0,1.0,1.0,1.0,1.0
76cbb6616ae3683b24c6eedb5708bcf3,1.0,1.0,1.0,1.0,1.0,1.0,1.0,1.0,1.0,1.0,1.0,1.0,1.0,1.0,12.0,1.0,1.0,1.0,1.0,1.0
3a0b7bb5e34930ab6217e1f2780c8d3d,1.0,1.0,1.0,1.0,1.0,1.0,1.0,1.0,1.0,1.0,1.0,1.0,1.0,1.0,12.0,1.0,1.0,1.0,1.0,1.0
51c23905e2cf63429fddb36a1e48c372,1.0,1.0,1.0,1.0,1.0,1.0,1.0,1.0,1.0,1.0,1.0,1.0,1.0,1.0,1.0,1.0,1.0,1.0,1.0,12.0
e1e25b0d32b4e85636cfc3f5f80dd76e,1.0,1.0,1.0,1.0,11.0,1.0,1.0,1.0,1.0,1.0,1.0,1.0,1.0,1.0,1.0,1.0,1.0,1.0,1.0,1.0
07c31d6db6da05f9129a95efc0725065,1.0,1.0,1.0,1.0,11.0,1.0,1.0,1.0,1.0,1.0,1.0,1.0,1.0,1.0,1.0,1.0,1.0,1.0,1.0,1.0
1371b1df5b2c44552dff5f8818b1ec43,1.0,1.0,1.0,1.0,1.0,1.0,1.0,1.0,1.0,11.0,1.0,1.0,1.0,1.0,1.0,1.0,1.0,1.0,1.0,1.0
f54e74e54bd0e42b59c2ed9e3d9c01e7,1.0,1.0,1.0,1.0,1.0,1.0,1.0,1.0,1.0,11.0,1.0,1.0,1.0,1.0,1.0,1.0,1.0,1.0,1.0,1.0
f2d3993fb0964a81003c3d65c787b667,1.0,1.0,1.0,1.0,1.0,1.0,1.0,1.0,1.0,6.0,1.0,1.0,1.0,1.0,6.0,1.0,1.0,1.0,1.0,1.0
6725204b0d15c8bf05be7afb6b109722,1.0,1.0,1.0,1.0,1.0,1.0,1.0,1.0,1.0,11.0,1.0,1.0,1.0,1.0,1.0,1.0,1.0,1.0,1.0,1.0
f7754181f33552da5df23c7bc0f1dbde,1.0,1.0,1.0,1.0,1.0,1.0,1.0,1.0,1.0,1.0,1.0,1.0,1.0,1.0,11.0,1.0,1.0,1.0,1.0,1.0
d40e61af934186661c50414223bd5890,1.0,1.0,1.0,1.0,1.0,1.0,1.0,1.0,1.0,1.0,1.0,1.0,1.0,1.0,11.0,1.0,1.0,1.0,1.0,1.0
837548bd20ff5b96b10e4a75d7004863,1.0,1.0,1.0,1.0,1.0,1.0,1.0,1.0,1.0,1.0,1.0,1.0,1.0,1.0,11.0,1.0,1.0,1.0,1.0,1.0
7f8d0667abf5742634f667826fe99e21,1.0,1.0,1.0,1.0,1.0,1.0,1.0,1.0,1.0,1.0,1.0,1.0,1.0,1.0,11.0,1.0,1.0,1.0,1.0,1.0
361aaccae3841fbe7ddefe925d581e99,1.0,1.0,1.0,1.0,1.0,1.0,1.0,1.0,1.0,1.0,1.0,1.0,1.0,1.0,11.0,1.0,1.0,1.0,1.0,1.0
1513159e80ce39deb9738470f869e72b,1.0,1.0,1.0,1.0,1.0,1.0,1.0,1.0,1.0,1.0,1.0,1.0,1.0,1.0,11.0,1.0,1.0,1.0,1.0,1.0
9a8e263b0215cd2d62447e21e6a949d6,1.0,1.0,1.0,1.0,10.0,1.0,1.0,1.0,1.0,1.0,1.0,1.0,1.0,1.0,1.0,1.0,1.0,1.0,1.0,1.0
a189b07aa04f19a7b586bf5900383165,1.0,1.0,1.0,1.0,1.0,1.0,1.0,1.0,1.0,10.0,1.0,1.0,1.0,1.0,1.0,1.0,1.0,1.0,1.0,1.0
010b498be37bdab8841b42301fab093e,1.0,1.0,1.0,1.0,1.0,1.0,1.0,1.0,1.0,10.0,1.0,1.0,1.0,1.0,1.0,1.0,1.0,1.0,1.0,1.0
2df98636a422084506ce3adb0eeaee13,1.0,1.0,1.0,1.0,1.0,1.0,1.0,1.0,1.0,10.0,1.0,1.0,1.0,1.0,1.0,1.0,1.0,1.0,1.0,1.0
79692fbfc91dbdb7d5f106b6057ca309,1.0,1.0,1.0,1.0,1.0,1.0,1.0,1.0,1.0,10.0,1.0,1.0,1.0,1.0,1.0,1.0,1.0,1.0,1.0,1.0
724816a366528555d4e44f8bceccd89e,1.0,1.0,1.0,1.0,1.0,1.0,1.0,1.0,1.0,10.0,1.0,1.0,1.0,1.0,1.0,1.0,1.0,1.0,1.0,1.0
89c4e0d4c496458e1db6a4fd2e1c49c8,1.0,1.0,1.0,1.0,1.0,1.0,1.0,1.0,1.0,10.0,1.0,1.0,1.0,1.0,1.0,1.0,1.0,1.0,1.0,1.0
b82905db3c4bc5dead9bd23bdf184793,1.0,1.0,1.0,1.0,1.0,1.0,1.0,1.0,1.0,10.0,1.0,1.0,1.0,1.0,1.0,1.0,1.0,1.0,1.0,1.0
1b52bd39a464b913f3e0f397dcfb09f6,1.0,1.0,1.0,1.0,1.0,1.0,1.0,1.0,1.0,10.0,1.0,1.0,1.0,1.0,1.0,1.0,1.0,1.0,1.0,1.0
f3d32b7e510a9e9bfba8350ff5488004,1.0,1.0,1.0,1.0,1.0,1.0,1.0,1.0,1.0,10.0,1.0,1.0,1.0,1.0,1.0,1.0,1.0,1.0,1.0,1.0
ea9759b6ee4a2cfa57289b1e1bfcc21c,1.0,1.0,1.0,1.0,1.0,1.0,1.0,1.0,1.0,1.0,1.0,1.0,1.0,1.0,10.0,1.0,1.0,1.0,1.0,1.0
a998bd820adfc31e193a994f5fe36d0e,1.0,1.0,1.0,1.0,1.0,1.0,1.0,1.0,1.0,1.0,1.0,1.0,1.0,1.0,10.0,1.0,1.0,1.0,1.0,1.0
1ab5f35179e5bc52f8f0df2c3497613d,1.0,1.0,1.0,1.0,1.0,1.0,1.0,1.0,1.0,1.0,1.0,1.0,1.0,1.0,10.0,1.0,1.0,1.0,1.0,1.0
767182eebb0004bbb4b34c27352be5a1,1.0,1.0,1.0,1.0,1.0,1.0,1.0,1.0,1.0,1.0,1.0,1.0,1.0,1.0,10.0,1.0,1.0,1.0,1.0,1.0
bf8158ccc87944311d15655e03ef9ab3,1.0,1.0,1.0,1.0,1.0,1.0,1.0,1.0,1.0,1.0,1.0,1.0,1.0,1.0,10.0,1.0,1.0,1.0,1.0,1.0
7222203f33137541f9e3996170c8c624,1.0,1.0,1.0,1.0,1.0,1.0,1.0,1.0,1.0,1.0,1.0,1.0,1.0,1.0,10.0,1.0,1.0,1.0,1.0,1.0
52923540e0bfe269736aaf4d495060c9,1.0,1.0,1.0,1.0,9.0,1.0,1.0,1.0,1.0,1.0,1.0,1.0,1.0,1.0,1.0,1.0,1.0,1.0,1.0,1.0
5d1b6588e039d6ced3c759fdc98bef2b,1.0,1.0,1.0,1.0,9.0,1.0,1.0,1.0,1.0,1.0,1.0,1.0,1.0,1.0,1.0,1.0,1.0,1.0,1.0,1.0
d0e5d021db619074cfcfa9fe0a13a101,1.0,1.0,1.0,2.0,5.0,1.0,1.0,1.0,1.0,1.0,1.0,1.0,1.0,1.0,1.0,1.0,1.0,1.0,1.0,1.0
f6659f501e484b3f6d375105119cfe78,1.0,1.0,1.0,1.0,1.0,1.0,1.0,1.0,1.0,6.0,1.0,1.0,1.0,1.0,4.0,1.0,1.0,1.0,1.0,1.0
06605f005a7b765c5aa92f8a211ca7fd,1.0,1.0,1.0,1.0,1.0,1.0,1.0,1.0,1.0,3.0,1.0,1.0,1.0,1.0,5.0,1.0,1.0,1.0,1.0,1.0
2876a4e7180a14d52a870708e9890759,1.0,1.0,1.0,1.0,1.0,1.0,1.0,1.0,1.0,9.0,1.0,1.0,1.0,1.0,1.0,1.0,1.0,1.0,1.0,1.0
828f018c1478cffd893605353abecd1b,1.0,1.0,1.0,1.0,1.0,1.0,1.0,1.0,1.0,9.0,1.0,1.0,1.0,1.0,1.0,1.0,1.0,1.0,1.0,1.0
53a66b4e88c5b1f154fefa96e845e00b,1.0,1.0,1.0,1.0,1.0,1.0,1.0,1.0,1.0,9.0,1.0,1.0,1.0,1.0,1.0,1.0,1.0,1.0,1.0,1.0
f935dda6dc26652523c1ae76aa344878,1.0,1.0,1.0,1.0,1.0,1.0,1.0,1.0,1.0,9.0,1.0,1.0,1.0,1.0,1.0,1.0,1.0,1.0,1.0,1.0
141537217186bf4c6ac3d445ee77fb0c,1.0,1.0,1.0,1.0,1.0,1.0,1.0,1.0,1.0,9.0,1.0,1.0,1.0,1.0,1.0,1.0,1.0,1.0,1.0,1.0
b7d06f4316bd5760e91673f7237d1148,1.0,1.0,1.0,1.0,1.0,1.0,1.0,1.0,1.0,9.0,1.0,1.0,1.0,1.0,1.0,1.0,1.0,1.0,1.0,1.0
c36d9d948d0c3bdf3616d8c31932d85c,1.0,1.0,1.0,1.0,1.0,1.0,1.0,1.0,1.0,9.0,1.0,1.0,1.0,1.0,1.0,1.0,1.0,1.0,1.0,1.0
0d0073729144a6f7739e9d73084c0efc,1.0,1.0,1.0,1.0,1.0,1.0,1.0,1.0,1.0,9.0,1.0,1.0,1.0,1.0,1.0,1.0,1.0,1.0,1.0,1.0
722d3d1d2c9bd01c51fb6b630f284f9f,1.0,1.0,1.0,1.0,1.0,1.0,1.0,1.0,1.0,9.0,1.0,1.0,1.0,1.0,1.0,1.0,1.0,1.0,1.0,1.0
0c76614569ed1835ae7b53b205219243,1.0,1.0,1.0,1.0,1.0,1.0,1.0,1.0,1.0,9.0,1.0,1.0,1.0,1.0,1.0,1.0,1.0,1.0,1.0,1.0
fc84d50bffd547402923bed8ef4dbe53,1.0,1.0,1.0,1.0,1.0,1.0,1.0,1.0,1.0,1.0,1.0,1.0,1.0,1.0,9.0,1.0,1.0,1.0,1.0,1.0
c2523e657ed73e8a8aaccc7474493d9e,1.0,1.0,1.0,1.0,1.0,1.0,1.0,1.0,1.0,1.0,1.0,1.0,1.0,1.0,9.0,1.0,1.0,1.0,1.0,1.0
78e323ee7ac2e5a798495081fdbeef75,1.0,1.0,1.0,1.0,1.0,1.0,1.0,1.0,1.0,1.0,1.0,1.0,1.0,1.0,9.0,1.0,1.0,1.0,1.0,1.0
eb59d03c4134a470e708dd31aaa8aaef,1.0,1.0,1.0,1.0,1.0,1.0,1.0,1.0,1.0,1.0,1.0,1.0,1.0,1.0,9.0,1.0,1.0,1.0,1.0,1.0
9821ed4cdc1c7014c4f255f97bd4da5e,1.0,1.0,1.0,1.0,1.0,1.0,1.0,1.0,1.0,1.0,1.0,1.0,1.0,1.0,9.0,1.0,1.0,1.0,1.0,1.0
88f686c0609463dc6124d170ea3e8258,1.0,1.0,1.0,1.0,1.0,1.0,1.0,1.0,1.0,1.0,1.0,1.0,1.0,1.0,9.0,1.0,1.0,1.0,1.0,1.0
c5ada8f7bbf0ad9e2a810e27759fa24e,1.0,1.0,1.0,1.0,1.0,1.0,1.0,1.0,1.0,1.0,1.0,1.0,1.0,1.0,9.0,1.0,1.0,1.0,1.0,1.0
6fa67f5701899557c6ac458ac1e4ed29,1.0,1.0,1.0,1.0,1.0,1.0,1.0,1.0,1.0,1.0,1.0,1.0,1.0,1.0,9.0,1.0,1.0,1.0,1.0,1.0
fdc0154affc56cb4e1bb2efcccdf5a5b,1.0,1.0,1.0,1.0,1.0,1.0,1.0,1.0,1.0,1.0,1.0,1.0,1.0,1.0,9.0,1.0,1.0,1.0,1.0,1.0
d9da012ab240f09ececd0eabe44ba81c,1.0,1.0,1.0,1.0,1.0,1.0,1.0,1.0,1.0,1.0,1.0,1.0,1.0,1.0,9.0,1.0,1.0,1.0,1.0,1.0
971a33099adbf931a86685ec0637f277,1.0,1.0,1.0,1.0,1.0,1.0,1.0,1.0,1.0,1.0,1.0,1.0,1.0,1.0,9.0,1.0,1.0,1.0,1.0,1.0
b2cf1c654c13c118a5dc6bd5df7ed18f,1.0,1.0,1.0,1.0,1.0,1.0,1.0,1.0,1.0,1.0,1.0,1.0,1.0,1.0,9.0,1.0,1.0,1.0,1.0,1.0
d119febf51a21a82900ed90488c9f513,1.0,1.0,1.0,1.0,1.0,1.0,1.0,1.0,1.0,1.0,1.0,1.0,1.0,1.0,9.0,1.0,1.0,1.0,1.0,1.0
a2ffbc2392e75d8fb02855312969a59d,1.0,1.0,1.0,1.0,1.0,1.0,1.0,1.0,1.0,1.0,1.0,1.0,1.0,1.0,9.0,1.0,1.0,1.0,1.0,1.0
88c48e47c29ee10ec5dc054854a2a517,1.0,1.0,1.0,1.0,1.0,1.0,1.0,1.0,1.0,1.0,1.0,1.0,1.0,1.0,1.0,1.0,1.0,1.0,1.0,9.0
cdfe35eab472fb04a81bfe957ce7681d,1.0,1.0,1.0,1.0,1.0,1.0,1.0,1.0,1.0,8.0,1.0,1.0,1.0,1.0,1.0,1.0,1.0,1.0,1.0,1.0
33c69e670df46b40cd756c0bd3644281,1.0,1.0,1.0,1.0,1.0,1.0,1.0,1.0,3.0,4.0,1.0,1.0,1.0,1.0,1.0,1.0,1.0,1.0,1.0,1.0
ac34a1f564dbc3200316966458bafe0c,1.0,1.0,1.0,1.0,1.0,1.0,1.0,1.0,1.0,8.0,1.0,1.0,1.0,1.0,1.0,1.0,1.0,1.0,1.0,1.0
74b3da48477a0e9476b4e6dda41a707f,1.0,1.0,1.0,1.0,1.0,1.0,1.0,1.0,1.0,8.0,1.0,1.0,1.0,1.0,1.0,1.0,1.0,1.0,1.0,1.0
ddb1d3c84fb642071939e8ea86eea2be,1.0,1.0,1.0,1.0,1.0,1.0,1.0,1.0,1.0,8.0,1.0,1.0,1.0,1.0,1.0,1.0,1.0,1.0,1.0,1.0
6cb9b24229b60b8e20086bfb4967354f,1.0,1.0,1.0,1.0,1.0,1.0,1.0,1.0,1.0,8.0,1.0,1.0,1.0,1.0,1.0,1.0,1.0,1.0,1.0,1.0
954dcd9d81e1e9606860a8a71af54d17,1.0,1.0,1.0,1.0,1.0,1.0,1.0,1.0,1.0,8.0,1.0,1.0,1.0,1.0,1.0,1.0,1.0,1.0,1.0,1.0
cfcb909f2bdf92be28fcb41983b96751,1.0,1.0,1.0,1.0,1.0,1.0,1.0,1.0,1.0,8.0,1.0,1.0,1.0,1.0,1.0,1.0,1.0,1.0,1.0,1.0
1d7e09f08675c4ddec8d6a195a27c193,1.0,1.0,1.0,1.0,1.0,1.0,1.0,1.0,1.0,1.0,1.0,1.0,1.0,1.0,8.0,1.0,1.0,1.0,1.0,1.0
ce3d0fd27c723cb58340d65e07a45941,1.0,1.0,1.0,1.0,1.0,1.0,1.0,1.0,1.0,1.0,1.0,1.0,1.0,1.0,8.0,1.0,1.0,1.0,1.0,1.0
9f5b9920f5baa18a143ae6f9c82397e8,1.0,1.0,1.0,1.0,1.0,1.0,1.0,1.0,1.0,1.0,1.0,1.0,1.0,1.0,8.0,1.0,1.0,1.0,1.0,1.0
a1d35ccf214105d34b0792745c6e9898,1.0,1.0,1.0,1.0,1.0,1.0,1.0,1.0,1.0,1.0,1.0,1.0,1.0,1.0,8.0,1.0,1.0,1.0,1.0,1.0
6fecd4febd7db1a7ad2c731053c8262e,1.0,1.0,1.0,1.0,1.0,1.0,1.0,1.0,1.0,1.0,1.0,1.0,1.0,1.0,8.0,1.0,1.0,1.0,1.0,1.0
434e7ba555c7cc713853108c5ecda161,1.0,1.0,1.0,1.0,1.0,1.0,1.0,1.0,1.0,1.0,1.0,1.0,1.0,1.0,8.0,1.0,1.0,1.0,1.0,1.0
a0273bfa66af0c5ba5b36fb9c24f19d0,1.0,1.0,1.0,1.0,1.0,1.0,1.0,1.0,1.0,1.0,1.0,1.0,1.0,1.0,8.0,1.0,1.0,1.0,1.0,1.0
d72a5dd45a74e88a27c38793965adf36,1.0,1.0,1.0,1.0,1.0,1.0,1.0,1.0,1.0,1.0,1.0,1.0,1.0,1.0,8.0,1.0,1.0,1.0,1.0,1.0
05fc6204d3da59ae897828f107ef7cc6,1.0,1.0,1.0,1.0,1.0,1.0,1.0,1.0,1.0,1.0,1.0,1.0,1.0,1.0,8.0,1.0,1.0,1.0,1.0,1.0
51be9cb8ca3a4cd71b80b1f4a02b28e7,1.0,1.0,1.0,1.0,1.0,1.0,1.0,1.0,1.0,1.0,1.0,1.0,1.0,1.0,8.0,1.0,1.0,1.0,1.0,1.0
839a12b747491937a1a94d64cf5a7d5b,1.0,1.0,1.0,1.0,1.0,1.0,1.0,1.0,1.0,1.0,1.0,1.0,1.0,1.0,8.0,1.0,1.0,1.0,1.0,1.0
b70ca1dfcbfd192299a49c59fcbd57d1,1.0,1.0,1.0,1.0,1.0,1.0,1.0,1.0,1.0,1.0,1.0,1.0,1.0,1.0,8.0,1.0,1.0,1.0,1.0,1.0
8064bf7c0f18f4f3a5b65ad96b72510e,1.0,1.0,1.0,1.0,7.0,1.0,1.0,1.0,1.0,1.0,1.0,1.0,1.0,1.0,1.0,1.0,1.0,1.0,1.0,1.0
f374a959bb032ea589776747f4b03d33,1.0,1.0,1.0,1.0,1.0,1.0,1.0,1.0,1.0,7.0,1.0,1.0,1.0,1.0,1.0,1.0,1.0,1.0,1.0,1.0
5756f8bd2bbcffc02904e1071bca0b24,1.0,1.0,1.0,1.0,1.0,1.0,1.0,1.0,1.0,7.0,1.0,1.0,1.0,1.0,1.0,1.0,1.0,1.0,1.0,1.0
b9729deee1099d96661e501103b920b1,1.0,1.0,1.0,1.0,1.0,1.0,1.0,1.0,1.0,7.0,1.0,1.0,1.0,1.0,1.0,1.0,1.0,1.0,1.0,1.0
ebd3c842a6956bbfd6d19a6b2c6b69f5,1.0,1.0,1.0,1.0,1.0,1.0,1.0,1.0,1.0,7.0,1.0,1.0,1.0,1.0,1.0,1.0,1.0,1.0,1.0,1.0
ddd860654e3b327dd0cfa939f0b79dcc,1.0,1.0,1.0,1.0,1.0,1.0,1.0,1.0,1.0,7.0,1.0,1.0,1.0,1.0,1.0,1.0,1.0,1.0,1.0,1.0
ccda553f5409ffb7e719f4d5ef220fe2,1.0,1.0,1.0,1.0,1.0,1.0,1.0,1.0,1.0,7.0,1.0,1.0,1.0,1.0,1.0,1.0,1.0,1.0,1.0,1.0
d38fcac302644bc727df006fb112653a,1.0,1.0,1.0,1.0,1.0,1.0,1.0,1.0,1.0,7.0,1.0,1.0,1.0,1.0,1.0,1.0,1.0,1.0,1.0,1.0
d43211b5cadbac91939d9d567f618b8a,1.0,1.0,1.0,1.0,1.0,1.0,1.0,1.0,1.0,7.0,1.0,1.0,1.0,1.0,1.0,1.0,1.0,1.0,1.0,1.0
6cc49810d93690434350e9b6feab431d,1.0,1.0,1.0,1.0,1.0,1.0,1.0,1.0,1.0,1.0,1.0,1.0,1.0,1.0,7.0,1.0,1.0,1.0,1.0,1.0
b476808864cbbf8316bd7d53d1c4e015,1.0,1.0,1.0,1.0,1.0,1.0,1.0,1.0,1.0,1.0,1.0,1.0,1.0,1.0,7.0,1.0,1.0,1.0,1.0,1.0
05d9f90096732b7c2487126a9fe48365,1.0,1.0,1.0,1.0,1.0,1.0,1.0,1.0,1.0,1.0,1.0,1.0,1.0,1.0,7.0,1.0,1.0,1.0,1.0,1.0
4c714c880cf971bda142a60c563d48e2,1.0,1.0,1.0,1.0,1.0,1.0,1.0,1.0,1.0,1.0,1.0,1.0,1.0,1.0,7.0,1.0,1.0,1.0,1.0,1.0
31fc2fd26310b42b896314016bdbc6ce,1.0,1.0,1.0,1.0,1.0,1.0,1.0,1.0,1.0,1.0,1.0,1.0,1.0,1.0,7.0,1.0,1.0,1.0,1.0,1.0
5ae7d797b3aae1c4f70501d44f509aef,1.0,1.0,1.0,1.0,1.0,1.0,1.0,1.0,1.0,1.0,1.0,1.0,1.0,1.0,7.0,1.0,1.0,1.0,1.0,1.0
1766eb319d9dc73fb40b938d71ec587d,1.0,1.0,1.0,1.0,1.0,1.0,1.0,1.0,1.0,1.0,1.0,1.0,1.0,1.0,7.0,1.0,1.0,1.0,1.0,1.0
25662ea7214d21ebaa29ef3325461ae4,1.0,1.0,1.0,1.0,1.0,1.0,1.0,1.0,1.0,1.0,1.0,1.0,1.0,1.0,7.0,1.0,1.0,1.0,1.0,1.0
6b970db85d885b539f5eca4ac718cbd1,1.0,1.0,1.0,1.0,1.0,1.0,1.0,1.0,1.0,1.0,1.0,1.0,1.0,1.0,7.0,1.0,1.0,1.0,1.0,1.0
edcb888c0e696e0b3598726d233cdce7,1.0,1.0,1.0,1.0,1.0,1.0,1.0,1.0,1.0,1.0,1.0,1.0,1.0,1.0,7.0,1.0,1.0,1.0,1.0,1.0
5a963ed39d7ad80dae62b25c15b3d255,1.0,1.0,1.0,1.0,1.0,1.0,1.0,1.0,1.0,1.0,1.0,1.0,1.0,1.0,7.0,1.0,1.0,1.0,1.0,1.0
3832c6c542e92bc7e8ec238cfceb3719,1.0,1.0,1.0,1.0,1.0,1.0,1.0,1.0,1.0,1.0,1.0,1.0,1.0,1.0,7.0,1.0,1.0,1.0,1.0,1.0
ca80cc252ca697b02fcf9ec2d23c2e63,1.0,1.0,1.0,1.0,6.0,1.0,1.0,1.0,1.0,1.0,1.0,1.0,1.0,1.0,1.0,1.0,1.0,1.0,1.0,1.0
091447566f7cef3965e492350774dabb,1.0,1.0,1.0,1.5,4.0,1.0,1.0,1.0,1.0,1.0,1.0,1.0,1.0,1.0,1.0,1.0,1.0,1.0,1.0,1.0
8475fe28c647e2f205d5fcc47aacdcb8,1.0,1.0,1.0,1.0,6.0,1.0,1.0,1.0,1.0,1.0,1.0,1.0,1.0,1.0,1.0,1.0,1.0,1.0,1.0,1.0
a2b1758fbc505e3767edcc29f9a1d5d1,1.0,1.0,1.0,1.0,6.0,1.0,1.0,1.0,1.0,1.0,1.0,1.0,1.0,1.0,1.0,1.0,1.0,1.0,1.0,1.0
d958a8b5cfe501c281d5c123b3f4f734,1.0,1.0,1.0,1.0,6.0,1.0,1.0,1.0,1.0,1.0,1.0,1.0,1.0,1.0,1.0,1.0,1.0,1.0,1.0,1.0
8ad74aac85f7b829401b1ce5cf2bc1dd,1.0,1.0,1.0,1.0,6.0,1.0,1.0,1.0,1.0,1.0,1.0,1.0,1.0,1.0,1.0,1.0,1.0,1.0,1.0,1.0
073b9d3ddb762eb1838d608dd898377b,1.0,1.0,1.0,1.0,1.0,1.0,1.0,1.0,1.0,6.0,1.0,1.0,1.0,1.0,1.0,1.0,1.0,1.0,1.0,1.0
9f69df4a77a4a8989270cf0eecbaafc2,1.0,1.0,1.0,1.0,1.0,1.0,1.0,1.0,1.0,6.0,1.0,1.0,1.0,1.0,1.0,1.0,1.0,1.0,1.0,1.0
553fa9e8fb7b995b42f38951a9bfbf5d,1.0,1.0,1.0,1.0,1.0,1.0,1.0,1.0,1.0,6.0,1.0,1.0,1.0,1.0,1.0,1.0,1.0,1.0,1.0,1.0
a3630649fb983b809e22d93ea88531aa,1.0,1.0,1.0,1.0,1.0,1.0,1.0,1.0,1.0,6.0,1.0,1.0,1.0,1.0,1.0,1.0,1.0,1.0,1.0,1.0
78b6fbc8ce6746c309f3db4008266b41,1.0,1.0,1.0,1.0,1.0,1.0,1.0,1.0,1.0,6.0,1.0,1.0,1.0,1.0,1.0,1.0,1.0,1.0,1.0,1.0
90483b0fc1a275800c514ec4cedb8661,1.0,1.0,1.0,1.0,1.0,1.0,1.0,1.0,1.0,6.0,1.0,1.0,1.0,1.0,1.0,1.0,1.0,1.0,1.0,1.0
842bbc78e8c7ec00c44dfe69ab265fb7,1.0,1.0,1.0,1.0,1.0,1.0,1.0,1.0,1.0,6.0,1.0,1.0,1.0,1.0,1.0,1.0,1.0,1.0,1.0,1.0
911f13ee047bcc4f640690ffa7bfedad,1.0,1.0,1.0,1.0,1.0,1.0,1.0,1.0,1.0,6.0,1.0,1.0,1.0,1.0,1.0,1.0,1.0,1.0,1.0,1.0
a3e4bb7fce5e83df43ce2fccd527bf34,1.0,1.0,1.0,1.0,1.0,1.0,1.0,1.0,1.0,3.0,1.0,1.0,1.0,1.0,4.0,1.0,1.0,1.0,1.0,1.0
8e901c87e71b6b23ab4723ff3191a076,1.0,1.0,1.0,1.0,1.0,1.0,1.0,1.0,1.0,6.0,1.0,1.0,1.0,1.0,1.0,1.0,1.0,1.0,1.0,1.0
c10ca9097e2e91bc6e84d0661d2a03a9,1.0,1.0,1.0,1.0,1.0,1.0,1.0,1.0,1.0,1.0,1.0,1.0,1.0,1.0,6.0,1.0,1.0,1.0,1.0,1.0
420aba9b16983779423ba1508836fa63,1.0,1.0,1.0,1.0,1.0,1.0,1.0,1.0,1.0,1.0,1.0,1.0,1.0,1.0,4.0,1.0,1.0,1.0,1.0,1.0
d30045e9e5f04c076d6fdf7ddb5364aa,1.0,1.0,1.0,1.0,1.0,1.0,1.0,1.0,1.0,1.0,1.0,1.0,1.0,1.0,6.0,1.0,1.0,1.0,1.0,1.0
733fc6beb6acfd640c79a4d6efc2f07f,1.0,1.0,1.0,1.0,1.0,1.0,1.0,1.0,1.0,1.0,1.0,1.0,1.0,1.0,6.0,1.0,1.0,1.0,1.0,1.0
53b9d70bca863a1a5474afb478983d99,1.0,1.0,1.0,1.0,1.0,1.0,1.0,1.0,1.0,1.0,1.0,1.0,1.0,1.0,6.0,1.0,1.0,1.0,1.0,1.0
8b4ce816b1dad303de74203a89c42344,1.0,1.0,1.0,1.0,1.0,1.0,1.0,1.0,1.0,1.0,1.0,1.0,1.0,1.0,6.0,1.0,1.0,1.0,1.0,1.0
02bec66b9ed1e1c2dfcf5c6042217187,1.0,1.0,1.0,1.0,1.0,1.0,1.0,1.0,1.0,1.0,1.0,1.0,1.0,1.0,6.0,1.0,1.0,1.0,1.0,1.0
3a661f065f5cb9b04f2bf093602a9483,1.0,1.0,1.0,1.0,1.0,1.0,1.0,1.0,1.0,1.0,1.0,1.0,1.0,1.0,6.0,1.0,1.0,1.0,1.0,1.0
d69d944c535f1f35dedd52ff9439f1ea,1.0,1.0,1.0,1.0,1.0,1.0,1.0,1.0,1.0,1.0,1.0,1.0,1.0,1.0,6.0,1.0,1.0,1.0,1.0,1.0
daffa0605329dbb8a802acdec824e557,1.0,1.0,1.0,1.0,1.0,1.0,1.0,1.0,1.0,1.0,1.0,1.0,1.0,1.0,6.0,1.0,1.0,1.0,1.0,1.0
7b7bd9c6aa35ceb19003f77d440e7aac,1.0,1.0,1.0,1.0,1.0,1.0,1.0,1.0,1.0,1.0,1.0,1.0,1.0,1.0,6.0,1.0,1.0,1.0,1.0,1.0
884118cee2676eb1605d7d0b781c6e3c,1.0,1.0,1.0,1.0,1.0,1.0,1.0,1.0,1.0,1.0,1.0,1.0,1.0,1.0,6.0,1.0,1.0,1.0,1.0,1.0
cf64564bf166580a71aec5bcd48f80fa,1.0,1.0,1.0,1.0,1.0,1.0,1.0,1.0,1.0,1.0,1.0,1.0,1.0,1.0,6.0,1.0,1.0,1.0,1.0,1.0
2c178e586eb9805dc493baa0e1be14c2,1.0,1.0,1.0,1.0,1.0,1.0,1.0,1.0,1.0,1.0,1.0,1.0,1.0,1.0,6.0,1.0,1.0,1.0,1.0,1.0
6d816691540271c30b690e4d0fa7dc9a,1.0,1.0,1.0,1.0,1.0,1.0,1.0,1.0,1.0,1.0,1.0,1.0,1.0,1.0,6.0,1.0,1.0,1.0,1.0,1.0
3b88aec7951ecc0bcf5deb3021920115,1.0,1.0,1.0,1.0,1.0,1.0,1.0,1.0,1.0,1.0,1.0,1.0,1.0,1.0,6.0,1.0,1.0,1.0,1.0,1.0
c7b07492b8e3f229d595b3c483c84f60,1.0,1.0,1.0,1.0,1.0,1.0,1.0,1.0,1.0,1.0,1.0,1.0,1.0,1.0,6.0,1.0,1.0,1.0,1.0,1.0
d40b2753215f56a2b6b05b3ba23b44b3,1.0,1.0,1.0,1.0,1.0,1.0,1.0,1.0,1.0,1.0,1.0,1.0,1.0,1.0,6.0,1.0,1.0,1.0,1.0,1.0
92aa7f9ebd10b67442ce25c8cdb8c0a5,1.0,1.0,1.0,1.0,5.0,1.0,1.0,1.0,1.0,1.0,1.0,1.0,1.0,1.0,1.0,1.0,1.0,1.0,1.0,1.0
6b9a7ee6ad9f7b7b18d14455dddc24e1,1.0,1.0,1.0,1.0,5.0,1.0,1.0,1.0,1.0,1.0,1.0,1.0,1.0,1.0,1.0,1.0,1.0,1.0,1.0,1.0
3db122f0a4f98b20fdcf37ba81792e83,1.0,1.0,1.0,1.0,1.0,1.0,1.0,1.0,1.0,5.0,1.0,1.0,1.0,1.0,1.0,1.0,1.0,1.0,1.0,1.0
f7700c82eff9290626dbdb3191f14a28,1.0,1.0,1.0,1.0,1.0,1.0,1.0,1.0,1.0,5.0,1.0,1.0,1.0,1.0,1.0,1.0,1.0,1.0,1.0,1.0
5ef07e47616cd3fe53d04e1b4e9a41ac,1.0,1.0,1.0,1.0,1.0,1.0,1.0,1.0,1.0,5.0,1.0,1.0,1.0,1.0,1.0,1.0,1.0,1.0,1.0,1.0
0957db4bd8c4ded9031c5ad7abc3e30a,1.0,1.0,1.0,1.0,1.0,1.0,1.0,1.0,1.0,5.0,1.0,1.0,1.0,1.0,1.0,1.0,1.0,1.0,1.0,1.0
3f9c50b67361b7c7967deedb989f0acb,1.0,1.0,1.0,1.0,1.0,1.0,1.0,1.0,1.0,5.0,1.0,1.0,1.0,1.0,1.0,1.0,1.0,1.0,1.0,1.0
6e6e869364a0b469b22fbf690aee01cb,1.0,1.0,1.0,1.0,1.0,1.0,1.0,1.0,1.0,5.0,1.0,1.0,1.0,1.0,1.0,1.0,1.0,1.0,1.0,1.0
8974adea27cde8a211f893f1946ee46f,1.0,1.0,1.0,1.0,1.0,1.0,1.0,1.0,1.0,5.0,1.0,1.0,1.0,1.0,1.0,1.0,1.0,1.0,1.0,1.0
f6abeae7ba82822b201d9fd1530ceafc,1.0,1.0,1.0,1.0,1.0,1.0,1.0,1.0,1.0,5.0,1.0,1.0,1.0,1.0,1.0,1.0,1.0,1.0,1.0,1.0
73dfb964acb41e17c15cad5e642f5baa,1.0,1.0,1.0,1.0,1.0,1.0,1.0,1.0,1.0,5.0,1.0,1.0,1.0,1.0,1.0,1.0,1.0,1.0,1.0,1.0
c10eaa06a4e11d1378e3ca693bce93ae,1.0,1.0,1.0,1.0,1.0,1.0,1.0,1.0,1.0,5.0,1.0,1.0,1.0,1.0,1.0,1.0,1.0,1.0,1.0,1.0
180007eb5ccf4df63343b0f385132124,1.0,1.0,1.0,1.0,1.0,1.0,1.0,1.0,1.0,5.0,1.0,1.0,1.0,1.0,1.0,1.0,1.0,1.0,1.0,1.0
90b663ba067828389b12b309f4686e51,1.0,1.0,1.0,1.0,1.0,1.0,1.0,1.0,1.0,5.0,1.0,1.0,1.0,1.0,1.0,1.0,1.0,1.0,1.0,1.0
a95519c0c8ee50b930d238b9cbf2f830,1.0,1.0,1.0,1.0,1.0,1.0,1.0,1.0,1.0,5.0,1.0,1.0,1.0,1.0,1.0,1.0,1.0,1.0,1.0,1.0
855737ee127d6ae254fc2900a29004fc,1.0,1.0,1.0,1.0,1.0,1.0,1.0,1.0,1.0,5.0,1.0,1.0,1.0,1.0,1.0,1.0,1.0,1.0,1.0,1.0
48b7da424fc877aacae135d0608f7277,1.0,1.0,1.0,1.0,1.0,1.0,1.0,1.0,1.0,5.0,1.0,1.0,1.0,1.0,1.0,1.0,1.0,1.0,1.0,1.0
3094c2fa70abb5e9273578af269201d0,1.0,1.0,1.0,1.0,1.0,1.0,1.0,1.0,1.0,5.0,1.0,1.0,1.0,1.0,1.0,1.0,1.0,1.0,1.0,1.0
a8765eda8acaa80b363860ae68680416,1.0,1.0,1.0,1.0,1.0,1.0,1.0,1.0,1.0,1.0,1.0,1.0,1.0,1.0,5.0,1.0,1.0,1.0,1.0,1.0
dc0e430db038e44e02458a4b4eb83b9a,1.0,1.0,1.0,1.0,1.0,1.0,1.0,1.0,1.0,1.0,1.0,1.0,1.0,1.0,5.0,1.0,1.0,1.0,1.0,1.0
9c285804816bd251ea44d1fd20173e7c,1.0,1.0,1.0,1.0,1.0,1.0,1.0,1.0,1.0,1.0,1.0,1.0,1.0,1.0,5.0,1.0,1.0,1.0,1.0,1.0
8ec44f1e44c32a6ce54d55d1c32823eb,1.0,1.0,1.0,1.0,1.0,1.0,1.0,1.0,1.0,1.0,1.0,1.0,1.0,1.0,5.0,1.0,1.0,1.0,1.0,1.0
a96fa5607c17e11335b2ea9545a6ab9c,1.0,1.0,1.0,1.0,1.0,1.0,1.0,1.0,1.0,1.0,1.0,1.0,1.0,1.0,5.0,1.0,1.0,1.0,1.0,1.0
75e480f28a6f4d309e5987e002e8a9f4,1.0,1.0,1.0,1.0,1.0,1.0,1.0,1.0,1.0,1.0,1.0,1.0,1.0,1.0,5.0,1.0,1.0,1.0,1.0,1.0
f651e8884ab4684f58cc938af5bb9965,1.0,1.0,1.0,1.0,1.0,1.0,1.0,1.0,1.0,1.0,1.0,1.0,1.0,1.0,5.0,1.0,1.0,1.0,1.0,1.0
fe23d15d9b8a9293f288266aeef004f2,1.0,1.0,1.0,1.0,1.0,1.0,1.0,1.0,1.0,1.0,1.0,1.0,1.0,1.0,5.0,1.0,1.0,1.0,1.0,1.0
d28898705000acbaa4097158588eee83,1.0,1.0,1.0,1.0,1.0,1.0,1.0,1.0,1.0,1.0,1.0,1.0,1.0,1.0,5.0,1.0,1.0,1.0,1.0,1.0
b3cd8b7b4218522d2f16c32de2882e7c,1.0,1.0,1.0,1.0,1.0,1.0,1.0,1.0,1.0,1.0,1.0,1.0,1.0,1.0,5.0,1.0,1.0,1.0,1.0,1.0
bd57c8289abc5044fb7be6006dfa50fc,1.0,1.0,1.0,1.0,1.0,1.0,1.0,1.0,1.0,1.0,1.0,1.0,1.0,1.0,5.0,1.0,1.0,1.0,1.0,1.0
720fe7b765d94699b7371caba77729d9,1.0,1.0,1.0,1.0,4.0,1.0,1.0,1.0,1.0,1.0,1.0,1.0,1.0,1.0,1.0,1.0,1.0,1.0,1.0,1.0
ca3dd61e2037f6c31e050ea0e1b6ca35,1.0,1.0,1.0,1.0,4.0,1.0,1.0,1.0,1.0,1.0,1.0,1.0,1.0,1.0,1.0,1.0,1.0,1.0,1.0,1.0
c6178e859b3a7474408dece9ec2925fa,1.0,1.0,1.0,1.0,4.0,1.0,1.0,1.0,1.0,1.0,1.0,1.0,1.0,1.0,1.0,1.0,1.0,1.0,1.0,1.0
f18d03490cad8c1dce626a389eb74919,1.0,1.0,1.0,1.0,4.0,1.0,1.0,1.0,1.0,1.0,1.0,1.0,1.0,1.0,1.0,1.0,1.0,1.0,1.0,1.0
d2b8e465cc5255eaca50cc30d73527cc,1.0,1.0,1.0,1.0,1.0,1.0,1.0,1.0,1.0,4.0,1.0,1.0,1.0,1.0,1.0,1.0,1.0,1.0,1.0,1.0
fb5c0971395fd9cc495d4a7975475788,1.0,1.0,1.0,1.0,1.0,1.0,1.0,1.0,1.0,4.0,1.0,1.0,1.0,1.0,1.0,1.0,1.0,1.0,1.0,1.0
52f2b86908624221df8647aca0f27d4c,1.0,1.0,1.0,1.0,1.0,1.0,1.0,1.0,1.0,4.0,1.0,1.0,1.0,1.0,1.0,1.0,1.0,1.0,1.0,1.0
e66f17801919396744a8e995469206c6,1.0,1.0,1.0,1.0,1.0,1.0,1.0,1.0,1.0,4.0,1.0,1.0,1.0,1.0,1.0,1.0,1.0,1.0,1.0,1.0
761e36e219b1af83e0032f5eff813ed2,1.0,1.0,1.0,1.0,1.0,1.0,1.0,1.0,1.0,4.0,1.0,1.0,1.0,1.0,1.0,1.0,1.0,1.0,1.0,1.0
04da0163960622889d927176f28d0816,1.0,1.0,1.0,1.0,1.0,1.0,1.0,1.0,1.0,4.0,1.0,1.0,1.0,1.0,1.0,1.0,1.0,1.0,1.0,1.0
dd00b17967fe649795917f50baaa6eb8,1.0,1.0,1.0,1.0,1.0,1.0,1.0,1.0,1.0,4.0,1.0,1.0,1.0,1.0,1.0,1.0,1.0,1.0,1.0,1.0
99c4e0459710a2080bd08264cd5089db,1.0,1.0,1.0,1.0,1.0,1.0,1.0,1.0,1.0,4.0,1.0,1.0,1.0,1.0,1.0,1.0,1.0,1.0,1.0,1.0
d54593dfd6b6dd8fc887fa0d6dda8de2,1.0,1.0,1.0,1.0,1.0,1.0,1.0,1.0,1.0,4.0,1.0,1.0,1.0,1.0,1.0,1.0,1.0,1.0,1.0,1.0
d921ab8e3957a504dc6987aa5d202c70,1.0,1.0,1.0,1.0,1.0,1.0,1.0,1.0,1.0,4.0,1.0,1.0,1.0,1.0,1.0,1.0,1.0,1.0,1.0,1.0
b28de1ee97ac92f07a43fc49c4b161bc,1.0,1.0,1.0,1.0,1.0,1.0,1.0,1.0,1.0,4.0,1.0,1.0,1.0,1.0,1.0,1.0,1.0,1.0,1.0,1.0
3733b5bf056dfbfa11fb881f7d96623c,1.0,1.0,1.0,1.0,1.0,1.0,1.0,1.0,1.0,4.0,1.0,1.0,1.0,1.0,1.0,1.0,1.0,1.0,1.0,1.0
286c49795b2c94f63c4a48652d1467bd,1.0,1.0,1.0,1.0,1.0,1.0,1.0,1.0,1.0,4.0,1.0,1.0,1.0,1.0,1.0,1.0,1.0,1.0,1.0,1.0
eb408131c0d9175c0ac70a68c0aff935,1.0,1.0,1.0,1.0,1.0,1.0,1.0,1.0,1.0,4.0,1.0,1.0,1.0,1.0,1.0,1.0,1.0,1.0,1.0,1.0
b7d851e7eee8a021952a6dcce3da8efe,1.0,1.0,1.0,1.0,1.0,1.0,1.0,1.0,1.0,4.0,1.0,1.0,1.0,1.0,1.0,1.0,1.0,1.0,1.0,1.0
6eb889c70d2ba50b3cd0316451967701,1.0,1.0,1.0,1.0,1.0,1.0,1.0,1.0,1.0,1.0,1.0,1.0,1.0,1.0,4.0,1.0,1.0,1.0,1.0,1.0
e8f61cbd77a0bc55fff2cc47e5aa2b0f,1.0,1.0,1.0,1.0,1.0,1.0,1.0,1.0,1.0,1.0,1.0,1.0,1.0,1.0,4.0,1.0,1.0,1.0,1.0,1.0
419a1cc6bf31cad59324fe01b041cb08,1.0,1.0,1.0,1.0,1.0,1.0,1.0,1.0,1.0,1.0,1.0,1.0,1.0,1.0,4.0,1.0,1.0,1.0,1.0,1.0
18d8da68413ebd18a3e913f0ffcf284a,1.0,1.0,1.0,1.0,1.0,1.0,1.0,1.0,1.0,1.0,1.0,1.0,1.0,1.0,4.0,1.0,1.0,1.0,1.0,1.0
95cf24a3830c878356a5aaec11efaded,1.0,1.0,1.0,1.0,1.0,1.0,1.0,1.0,1.0,1.0,1.0,1.0,1.0,1.0,4.0,1.0,1.0,1.0,1.0,1.0
63e5c1ba9aaaac4989256745a38edb22,1.0,1.0,1.0,1.0,1.0,1.0,1.0,1.0,1.0,1.0,1.0,1.0,1.0,1.0,4.0,1.0,1.0,1.0,1.0,1.0
801a54224c5cfecbdca17a69999808e4,1.0,1.0,1.0,1.0,1.0,1.0,1.0,1.0,1.0,1.0,1.0,1.0,1.0,1.0,4.0,1.0,1.0,1.0,1.0,1.0
8d58567ab0ece8ab9f1e5d0da69d5cc0,1.0,1.0,1.0,1.0,1.0,1.0,1.0,1.0,1.0,1.0,1.0,1.0,1.0,1.0,4.0,1.0,1.0,1.0,1.0,1.0
f15f9d9cc9958e31a9910dda117f4822,1.0,1.0,1.0,1.0,1.0,1.0,1.0,1.0,1.0,1.0,1.0,1.0,1.0,1.0,4.0,1.0,1.0,1.0,1.0,1.0
92ab836991c4e0eb92621624894b205f,1.0,1.0,1.0,1.0,1.0,1.0,1.0,1.0,1.0,1.0,1.0,1.0,1.0,1.0,4.0,1.0,1.0,1.0,1.0,1.0
d632c780be1a1e45606925f7b2e45f8c,1.0,1.0,1.0,1.0,1.0,1.0,1.0,1.0,1.0,1.0,1.0,1.0,1.0,1.0,4.0,1.0,1.0,1.0,1.0,1.0
d4a9aa07c6afb50b86d5f47a4daae372,1.0,1.0,1.0,1.0,1.0,1.0,1.0,1.0,1.0,1.0,1.0,1.0,1.0,1.0,4.0,1.0,1.0,1.0,1.0,1.0
5db07316c8f1f77eec41cd7bee59c78c,1.0,1.0,1.0,1.0,3.0,1.0,1.0,1.0,1.0,1.0,1.0,1.0,1.0,1.0,1.0,1.0,1.0,1.0,1.0,1.0
253d865775707eb90098f81b379765b8,1.0,1.0,1.0,1.0,3.0,1.0,1.0,1.0,1.0,1.0,1.0,1.0,1.0,1.0,1.0,1.0,1.0,1.0,1.0,1.0
880fc8697ed085c1259d3ffe1ef5c06f,1.0,1.0,1.0,1.0,3.0,1.0,1.0,1.0,1.0,1.0,1.0,1.0,1.0,1.0,1.0,1.0,1.0,1.0,1.0,1.0
333a697d3d139f511d9d707d580abc7c,1.0,1.0,1.0,1.0,1.0,1.0,1.0,1.0,1.0,3.0,1.0,1.0,1.0,1.0,1.0,1.0,1.0,1.0,1.0,1.0
13db62fc133945ceca7a8f10b1fb73d7,1.0,1.0,1.0,1.0,1.0,1.0,1.0,1.0,1.0,3.0,1.0,1.0,1.0,1.0,1.0,1.0,1.0,1.0,1.0,1.0
9ae4305435dcedcaeede7858abeb86a6,1.0,1.0,1.0,1.0,1.0,1.0,1.0,1.0,1.0,3.0,1.0,1.0,1.0,1.0,1.0,1.0,1.0,1.0,1.0,1.0
1c99a125a20a31fb9f3583d3c83e776f,1.0,1.0,1.0,1.0,1.0,1.0,1.0,1.0,1.0,3.0,1.0,1.0,1.0,1.0,1.0,1.0,1.0,1.0,1.0,1.0
e348d996a9c50bf79988f84c769d1769,1.0,1.0,1.0,1.0,1.0,1.0,1.0,1.0,1.0,3.0,1.0,1.0,1.0,1.0,1.0,1.0,1.0,1.0,1.0,1.0
5769bc4dad3c8fb3ff375ebb72278c38,1.0,1.0,1.0,1.0,1.0,1.0,1.0,1.0,1.0,3.0,1.0,1.0,1.0,1.0,1.0,1.0,1.0,1.0,1.0,1.0
ef6104483893fee83606e5cfaba1ac78,1.0,1.0,1.0,1.0,1.0,1.0,1.0,1.0,1.0,3.0,1.0,1.0,1.0,1.0,1.0,1.0,1.0,1.0,1.0,1.0
ed7b3c6efb1c16b6b7eb35b11bffb888,1.0,1.0,1.0,1.0,1.0,1.0,1.0,1.0,1.0,3.0,1.0,1.0,1.0,1.0,1.0,1.0,1.0,1.0,1.0,1.0
ac2520bb91618e3dcd89b2a185009378,1.0,1.0,1.0,1.0,1.0,1.0,1.0,1.0,1.0,3.0,1.0,1.0,1.0,1.0,1.0,1.0,1.0,1.0,1.0,1.0
fedd71c84623257ac644edc4375f5046,1.0,1.0,1.0,1.0,1.0,1.0,1.0,1.0,1.0,3.0,1.0,1.0,1.0,1.0,1.0,1.0,1.0,1.0,1.0,1.0
e829c91f3384a9d5914b431d8d5b6760,1.0,1.0,1.0,1.0,1.0,1.0,1.0,1.0,1.0,3.0,1.0,1.0,1.0,1.0,1.0,1.0,1.0,1.0,1.0,1.0
b48fd1440b91557d14ff33ec33d27832,1.0,1.0,1.0,1.0,1.0,1.0,1.0,1.0,1.0,3.0,1.0,1.0,1.0,1.0,1.0,1.0,1.0,1.0,1.0,1.0
4a4c670a1c4d54b9428d437997a5320d,1.0,1.0,1.0,1.0,1.0,1.0,1.0,1.0,1.0,3.0,1.0,1.0,1.0,1.0,1.0,1.0,1.0,1.0,1.0,1.0
b75333c92e955f8306fc59b1c56b9fa5,1.0,1.0,1.0,1.0,1.0,1.0,1.0,1.0,1.0,1.0,1.0,1.0,1.0,1.0,3.0,1.0,1.0,1.0,1.0,1.0
c9415df3c5c908e6eea7fbe324294ec2,1.0,1.0,1.0,1.0,1.0,1.0,1.0,1.0,1.0,1.0,1.0,1.0,1.0,1.0,3.0,1.0,1.0,1.0,1.0,1.0
6a1ade2fb17724ce1cf2a5c1453a948c,1.0,1.0,1.0,1.0,1.0,1.0,1.0,1.0,1.0,1.0,1.0,1.0,1.0,1.0,3.0,1.0,1.0,1.0,1.0,1.0
984446d041011cb51b9ae0ab1dfb9672,1.0,1.0,1.0,1.0,1.0,1.0,1.0,1.0,1.0,1.0,1.0,1.0,1.0,1.0,3.0,1.0,1.0,1.0,1.0,1.0
6e6035c9027a6a65ac3a20ff5f8ccb67,1.0,1.0,1.0,1.0,1.0,1.0,1.0,1.0,1.0,1.0,1.0,1.0,1.0,1.0,3.0,1.0,1.0,1.0,1.0,1.0
d7e9102742c904a75d0b00db0d172211,1.0,1.0,1.0,1.0,1.0,1.0,1.0,1.0,1.0,1.0,1.0,1.0,1.0,1.0,3.0,1.0,1.0,1.0,1.0,1.0
ed426b18e79fd4fc9d14fe636da860c7,1.0,1.0,1.0,1.0,1.0,1.0,1.0,1.0,1.0,1.0,1.0,1.0,1.0,1.0,3.0,1.0,1.0,1.0,1.0,1.0
049ee83734290fef29764ea985f6cea0,1.0,1.0,1.0,1.0,1.0,1.0,1.0,1.0,1.0,1.0,1.0,1.0,1.0,1.0,3.0,1.0,1.0,1.0,1.0,1.0
8c49c2567470fe03094bc2206bd56704,1.0,1.0,1.0,1.0,1.0,1.0,1.0,1.0,1.0,1.0,1.0,1.0,1.0,1.0,3.0,1.0,1.0,1.0,1.0,1.0
dda3b54115582c8e514be18e7b8ce6bf,1.0,1.0,1.0,1.0,1.0,1.0,1.0,1.0,1.0,1.0,1.0,1.0,1.0,1.0,3.0,1.0,1.0,1.0,1.0,1.0
c222ba9c7475c16f1847c7e80a16ec21,1.0,1.0,1.0,1.0,1.0,1.0,1.0,1.0,1.0,1.0,1.0,1.0,1.0,1.0,3.0,1.0,1.0,1.0,1.0,1.0
28bc3983128f6481f34f65917adeb8ec,1.0,1.0,1.0,1.0,1.0,1.0,1.0,1.0,1.0,1.0,1.0,1.0,1.0,1.0,3.0,1.0,1.0,1.0,1.0,1.0
46bc0e9593d1b5354812de69bf159879,1.0,1.0,1.0,1.0,1.0,1.0,1.0,1.0,1.0,1.0,1.0,1.0,1.0,1.0,3.0,1.0,1.0,1.0,1.0,1.0
3a4a3fde2cf894afe7ca797701dd8986,1.0,1.0,1.0,1.0,1.0,1.0,1.0,1.0,1.0,1.0,1.0,1.0,1.0,1.0,1.0,1.0,1.0,1.0,1.0,3.0
836509073355ebabaa962a5c30bff503,1.0,1.0,1.0,1.0,1.0,1.0,1.0,1.0,1.0,1.0,1.0,1.0,1.0,1.0,1.0,1.0,1.0,1.0,1.0,3.0
